,,,,,,,,,,,,,,,,,,,,,,,,,,,,,,,,,,,,,,,,,,,,,,,,
,,,,,,トーテム,,,,,,,,,,,,MBTI,,,,,,,,エゴグラム,,,,,D：エニアグラム,,,,,,,,,E：PIDG,,,,F：ビッグファイブ,,,,
,,,,,,召喚士,錬金術師,魔法使い,ハンター,冒険者,竜騎士,勇者,皇帝,賢者,吟遊詩人,革命家,預言者,E:外向,I:内向,S:五感,N:直感,T:思考,F:情緒,J:決断,P:柔軟,CP,NP,A,FC,AC,1（厳格）,2（助ける）,3（達成）,4（個性）,5（分析）,6（忠実）,7（熱中）,8（挑戦）,9（平和）,P:パイオニア,I:インテグレーター,D:ドライバー,G:ガーディアン,外向性,神経質傾向,誠実性,調和性,開放性
企業について,,,,,,,,,,,,,,,,,,,,,,,,,,,,,,,,,,,,,,,,,,,,,,,,
backend id,業界特性・ビジネスモデル,,,,,,,,,,,,,,,,,,,,,,,,,,,,,,,,,,,,,,,,,,,,,,,
1,A,42,挑戦にともなう失敗は許される,A-B 5段階,A,3,0,3,3,5,3,0,0,-3,1,3,2,3,0,0,3,0,2,0,0,-4,2,0,4,0,-3,3,4,5,0,-3,4,5,0,4,0,2,0,0,3,-2,0,3
,B,,ミスが許されない環境,,B,-3,3,-3,-3,-5,-2,3,0,2,0,-3,-3,-3,3,3,-3,0,-2,0,0,4,-3,0,-4,2,4,0,-4,-5,0,3,-4,-3,0,-4,0,-2,3,0,-3,2,0,-3
2,A,43,事業環境は安定しており、あまり変化がない（官公庁など）,A-B 5段階,A,0,0,3,-3,-3,-3,3,3,3,2,-2,0,-2,3,2,-2,0,0,0,0,3,0,0,-3,4,4,2,-3,0,2,5,-3,0,3,-3,3,0,4,-3,3,4,0,-2
,B,,事業リスクが高い（ベンチャー企業など）,,B,0,0,-3,3,3,3,0,-3,-3,-3,3,0,2,-2,-3,3,0,0,0,2,-3,0,0,3,-4,-4,-2,3,0,-2,-5,4,0,-3,3,-3,0,-4,3,-3,-4,0,2
3,A,44,安定性を維持することが求められる業界,A-B 5段階,A,-3,1,3,-3,-3,-3,3,3,2,0,-2,0,-2,2,3,-2,0,0,0,0,3,2,0,-3,4,4,0,-3,-3,-2,3,-4,-3,3,-2,0,0,4,-3,3,4,0,-2
,B,,変革が求められる業界,,B,4,-1,-1,3,3,4,-3,-3,-1,2,3,0,2,0,-2,3,0,0,0,0,-3,-2,0,4,-4,-4,0,3,5,3,-3,4,3,-3,2,0,0,-3,3,-3,-4,0,2
4,A,45,安定した事業環境,A-B 5段階,A,0,1,3,-3,-2,-2,0,3,3,4,-2,0,-2,2,2,0,0,0,0,0,3,2,0,-2,3,3,0,-3,0,3,4,-3,-3,3,-2,2,0,4,-3,3,4,0,-2
,B,,ダイナミックな事業環境,,B,2,-1,-2,3,2,3,0,-3,-1,-2,3,0,2,-2,-2,3,0,0,0,0,-3,-2,0,3,-3,-3,0,3,3,-3,-4,4,3,-3,2,-2,0,-4,3,-3,-4,0,2
5,A,46,今の仕事を改善していくことが重視される,A-B 5段階,A,-3,3,4,0,-3,-2,2,3,4,2,0,3,0,0,3,-1,0,0,0,0,3,0,0,-3,3,3,0,-3,-4,3,3,-3,-3,3,-3,1,0,4,2,4,3,0,-3
,B,,存在しない仕事を創り出すことが重視される,,B,5,0,-2,0,4,3,-2,-3,-3,0,0,-3,0,0,-2,3,0,0,0,0,-3,0,0,3,-3,-3,0,3,4,5,-3,4,3,-3,3,-1,0,-3,2,-4,-3,0,3
6,A,47,課題解決型のビジネス,3択,A,2,3,1,2,3,0,2,3,3,2,2,2,0,0,0,0,0,0,0,0,2,0,3,0,0,3,4,2,2,3,2,3,3,2,3,0,2,0,0,0,0,0,0
,B,,社会秩序や安定を守る仕事,,B,-2,2,3,-4,-3,-2,3,2,0,0,-3,3,0,0,3,-2,0,0,0,0,3,2,-3,-2,3,4,3,-3,-3,0,4,-3,0,3,-3,0,0,3,-3,2,3,0,0
,C,,収益性を優先させるビジネス,,C,0,2,0,4,1,2,-2,-2,2,3,3,0,0,0,-1,2,2,-2,0,0,-2,-2,4,2,0,-3,-2,4,0,3,-3,3,3,0,3,0,3,0,3,-2,0,0,0
7,A,48,人を楽しませることが重要,3択,A,2,-3,3,0,2,3,-3,-3,2,0,2,3,3,-3,0,0,-3,3,0,0,-4,3,-4,4,-4,-5,3,0,4,-5,-4,4,-3,2,3,0,-3,-4,3,-3,-4,2,4
,B,,課題を解決することが重要,,B,0,2,2,3,2,0,2,2,2,2,2,0,0,0,0,0,0,0,0,0,2,0,3,0,0,3,4,4,0,3,2,3,3,0,3,0,3,0,0,0,0,0,0
,C,,正確に指示をやり遂げることが重要,,C,-4,-1,-2,-3,-3,-2,3,0,-3,0,0,0,-3,3,0,0,2,-2,0,0,3,0,-2,-3,3,5,-2,-4,-3,0,4,-3,-4,3,-4,0,0,4,-3,3,4,0,0
,価値観,,,,,,,,,,,,,,,,,,,,,,,,,,,,,,,,,,,,,,,,,,,,,,,
8,A,34,社会貢献に関わる,A-B 5段階,A,0,2,2,0,3,-2,3,3,0,2,0,4,0,0,0,0,0,2,0,0,2,2,-3,-2,2,3,3,-3,0,3,3,0,0,4,1,3,0,3,-3,0,2,0,0
,B,,ビジネス性を重視する,,B,0,0,-2,3,0,2,0,-2,3,1,3,0,0,0,0,0,3,0,0,0,-2,-2,3,2,-2,0,-2,3,0,0,0,3,3,-4,3,0,3,0,3,0,0,0,0
9,A,35,正義・正しさを追求する,A-B 5段階,A,0,3,4,-2,0,-2,4,3,0,0,0,4,0,0,0,0,0,3,0,0,5,0,-3,-2,3,4,2,-4,0,0,3,0,0,3,0,0,0,3,-3,2,3,0,0
,B,,利益・成長を追求する,,B,0,0,-2,3,0,2,-2,-3,2,1,3,0,0,0,-2,2,3,0,0,0,-3,-2,3,3,-3,-4,-3,4,0,0,0,3,3,-3,3,0,3,0,3,-2,0,0,0
10,A,36,自己責任を重視する,A-B 5段階,A,0,0,-3,3,0,-2,3,3,1,0,4,-4,0,0,0,0,3,-2,0,0,4,-4,4,0,-2,3,-3,4,0,3,0,3,4,-5,3,-3,3,0,3,-3,0,-4,0
,B,,連帯責任を重視する,,B,0,0,3,-4,0,2,-3,-3,-1,0,-3,4,0,0,0,0,-3,2,0,0,-4,4,-4,0,2,-3,4,-4,0,-3,0,-3,-4,5,-3,4,-3,0,-3,3,0,4,0
11,A,37,伝統を重視する,A-B 5段階,A,-3,0,0,-3,-3,-4,0,2,5,0,-2,0,0,0,3,-3,0,0,0,0,4,0,0,-3,2,3,0,-3,-3,-2,4,-3,0,0,-3,5,0,2,-2,2,3,0,-2
,B,,革新的なことを重視する,,B,4,0,0,3,4,4,0,-2,-4,0,2,0,0,0,-3,3,0,0,0,0,-4,0,0,4,-4,-3,0,3,4,2,-4,4,0,0,3,-3,0,-2,2,-2,-3,0,2
12,A,39,プライベートを重視する,A-B 5段階,A,4,0,2,0,0,3,0,0,0,5,0,0,0,0,0,0,0,3,0,0,-2,3,-2,0,0,0,3,-2,5,0,0,-3,-4,3,0,3,0,0,0,3,0,3,2
,B,,企業やチームの成長を重視する,,B,-3,-4,-3,3,2,-2,3,2,0,-3,4,0,0,0,0,0,0,0,0,0,2,-3,2,0,0,2,0,4,-3,0,3,4,4,-3,4,-3,3,-3,3,-3,0,-3,-2
13,A,40,社員同士が家族のようなつながりを感じる,A-B 5段階,A,0,0,4,-2,3,2,0,0,0,1,0,5,3,-2,0,0,0,3,0,0,-2,4,0,0,2,-1,5,-3,3,-3,2,3,0,3,0,4,0,0,0,2,0,4,0
,B,,社員同士でプライベートな話はほとんどしない,,B,0,0,-3,2,-3,3,0,-2,0,3,0,-5,-3,2,0,0,2,-2,0,0,2,-4,0,0,-2,3,-3,3,3,3,-2,-3,0,-3,0,-5,0,0,0,-2,0,-4,0
14,A,41,安定成長を目指す,A-B 5段階,A,2,1,3,-3,-3,0,0,3,0,4,-2,0,0,0,2,-2,0,0,0,0,3,2,-2,-3,4,3,2,-4,0,0,4,-4,-4,3,-3,2,-2,4,-3,3,4,0,-2
,B,,リスクを取って急成長を目指す,,B,-2,-1,-2,3,3,2,0,-3,0,-4,3,0,0,0,-3,3,0,0,0,0,-3,-2,2,4,-4,-4,-2,4,0,0,-4,4,4,-3,4,-3,2,-5,3,-3,-4,0,2
15,A,38,プロセスを重視する,3択,A,3,2,4,-3,3,3,-3,2,3,2,-2,4,0,0,2,-2,0,3,0,3,3,2,-3,-3,2,0,4,-3,3,0,2,-3,-3,3,-3,0,-3,4,0,3,0,3,3
,B,,結果を重視する,,B,0,2,-2,4,1,-1,3,0,0,4,4,0,0,0,-2,2,3,-2,3,0,-3,-3,3,3,0,0,-3,5,0,2,0,3,5,-3,3,0,5,0,3,-3,0,-3,0
,C,,ルールを重視する,,C,-2,0,0,-4,0,-1,1,2,-3,-1,-3,0,0,0,0,0,-2,0,0,0,5,0,0,-3,3,4,0,-5,-3,0,3,0,-3,0,-5,0,-3,0,-3,0,3,0,-3
,組織構造,,,,,,,,,,,,,,,,,,,,,,,,,,,,,,,,,,,,,,,,,,,,,,,
16,A,65,ピラミッド型組織（階級・階層がはっきりしている）,A-B 5段階,A,-2,0,0,-2,-2,-1,4,-2,3,0,3,4,0,0,0,0,0,0,3,0,4,-2,0,-4,3,4,0,-3,-2,0,4,-3,3,3,-3,0,0,4,0,2,3,-2,0
,B,,フラット型組織（階級・階層が少ない、無い）,,B,2,0,0,2,3,1,-4,2,-3,0,-2,-4,0,0,0,0,0,0,0,4,-4,2,0,4,-3,-4,3,4,3,0,-4,3,-3,-3,3,0,0,-4,0,-2,-3,2,0
17,A,66,ルールや規則が厳格に決まっている,A-B 5段階,A,-3,0,0,-2,0,-3,3,2,0,-1,-3,2,-2,0,2,-2,0,-2,2,-2,4,-2,0,-4,2,4,0,-3,-4,0,3,-4,-5,3,-5,0,0,4,-3,2,3,0,-3
,B,,ルールや規則はほとんどない,,B,4,0,0,2,0,3,-3,-3,0,1,3,-2,2,0,-2,2,0,2,-2,2,-5,2,0,4,-2,4,2,3,5,0,-3,4,5,-3,5,0,0,-4,3,-2,-3,0,3
18,A,67,意思決定はトップダウン（主にトップやリーダーの意見）で決まる,A-B 5段階,A,0,-3,0,3,2,-3,3,-2,-3,0,4,-3,0,0,0,0,2,0,4,0,0,-3,0,0,3,2,0,3,0,0,3,0,3,3,2,-3,3,0,0,-2,0,-3,0
,B,,意思決定は合議型（関係者の合意が必要）で決まる,,B,0,3,0,-3,-2,3,-3,2,3,0,-4,3,0,0,0,0,-2,3,0,3,0,3,0,0,-3,0,4,-3,0,0,-3,0,-3,-3,-2,4,-3,0,0,2,0,3,0
19,A,68,ポジションのヒエラルキーを重視する,A-B 5段階,A,-2,0,0,-2,-2,-3,3,-4,0,0,2,3,0,0,0,0,0,0,2,-2,3,-3,0,-3,2,3,0,-3,-4,0,4,-3,3,-3,0,-2,0,3,0,2,2,-3,-2
,B,,社員の平等主義を重視する,,B,2,0,2,2,2,3,-2,2,0,0,-2,-2,0,0,0,0,0,2,-2,3,-3,3,0,3,-2,-3,3,3,4,0,-4,3,-3,3,0,2,0,-3,0,-2,-2,3,2
20,A,69,指示系統が明確で決まった人から指示される,A-B 5段階,A,0,2,0,0,0,0,3,3,3,0,0,0,0,2,2,0,0,0,3,0,3,0,0,0,3,3,2,-3,-2,0,4,0,0,3,0,0,0,3,-3,2,2,0,0
,B,,指示系統が柔軟で、色々な人から指示される,,B,3,-2,0,0,0,0,-2,-2,-3,0,2,0,2,0,-2,2,0,0,-3,4,-3,0,0,0,-3,-3,0,3,3,0,-4,3,0,-3,0,0,0,-3,3,-2,-2,0,0
21,A,70,上司から期待されていることが明確だ,A-B 5段階,A,0,3,3,0,-2,3,3,-2,0,0,3,3,0,2,2,0,0,0,2,0,0,2,0,-3,3,3,3,-3,-3,0,4,-3,-3,4,0,3,2,3,-2,4,3,2,0
,B,,期待に応えるより、自分でゴールを決めることが重要,,B,3,-3,0,2,3,-2,-1,3,2,0,0,-2,2,0,-2,2,0,0,0,2,0,-2,0,3,-3,-3,0,3,3,3,-4,3,4,-4,3,-3,-2,-3,2,-4,-3,-2,0
22,A,64,一人ひとりの仕事の役割が明確,A-B 5段階,A,-2,3,0,0,0,0,3,4,4,0,0,0,0,2,0,0,0,2,3,0,2,0,0,-2,3,3,0,-2,-3,0,3,-3,0,3,0,0,0,3,-3,3,3,0,0
,B,,一人でいくつもの仕事を柔軟にこなす必要がある,,B,2,-3,0,0,0,2,0,-3,-4,0,3,0,0,-2,0,0,2,0,0,4,-2,0,0,2,-3,-2,0,4,4,2,-3,3,3,-3,2,0,0,-3,3,-3,-3,0,0
,制度,,,,,,,,,,,,,,,,,,,,,,,,,,,,,,,,,,,,,,,,,,,,,,,
23,A,71,年功序列で、給与やポジションは年次で決まる,A-B 5段階,A,-2,0,2,-5,0,0,3,-4,4,-1,0,4,0,0,0,0,-3,2,-2,2,0,2,-4,-2,4,3,4,-5,-2,0,4,-3,-5,3,-3,2,-4,4,-4,2,3,2,-2
,B,,能力主義で、給与やポジションは能力で決まる,,B,2,0,-2,5,0,0,-2,4,0,1,0,-4,0,0,0,0,4,0,2,-2,0,-2,4,2,-4,-3,-4,5,2,0,-4,3,5,-3,3,-3,4,-4,4,-2,-3,-2,2
24,A,72,終身雇用制に近く、解雇はほとんどない,A-B 5段階,A,2,3,3,-3,0,0,0,-3,3,0,-2,4,0,0,0,0,-3,3,0,3,0,4,0,-2,4,0,4,-4,-2,0,4,-3,-5,3,-3,2,-3,5,-4,4,2,2,-2
,B,,成果主義に近く、パフォーマンスによっては解雇もありえる,,B,-2,-3,-3,4,0,0,0,3,0,0,2,-5,0,0,0,0,3,-2,3,0,0,-4,3,2,-4,0,-4,4,2,0,-4,3,5,-3,3,-2,3,-5,4,-4,-2,-2,2
25,A,73,規則や制限が多い（副業禁止、有給条件など）,A-B 5段階,A,-4,0,0,-3,0,-2,2,2,-2,-1,-2,0,0,0,0,0,0,0,2,-2,3,-2,0,-4,2,4,0,-4,-5,0,3,-5,-5,3,-5,0,0,3,-3,2,2,0,-3
,B,,規則や制限が少ない（副業OK、有給を自由に取得できるなど）,,B,4,0,0,3,0,2,-2,-2,2,1,2,0,0,0,0,0,0,0,-2,2,-3,2,0,4,-2,-4,0,4,5,0,-3,5,5,-3,5,0,0,-3,3,-2,-2,0,3
26,A,76,労働時間が明確で遵守されている,A-B 5段階,A,0,3,1,0,0,0,-2,0,0,4,0,3,0,0,0,0,0,0,2,0,0,2,0,0,3,3,2,-3,3,3,3,3,-3,3,0,2,0,3,-2,2,0,2,0
,B,,労働時間に関わらず、自主的に仕事をしている,,B,2,-3,0,2,0,0,3,3,0,-3,4,-3,0,0,0,0,0,0,0,2,0,-2,0,2,-3,-3,-2,3,0,-3,-3,-3,3,-3,4,-2,0,-3,2,-2,0,-2,0
27,A,85,社員の成長を支援してくれる環境が整っている,A-B 5段階,A,0,2,3,0,0,3,-2,0,3,0,0,3,2,0,0,0,0,3,0,0,-2,3,0,0,2,0,4,0,3,0,3,3,0,4,0,3,0,2,0,2,0,3,-2
,B,,成長のための努力は自分で行う必要がある,,B,0,0,-2,2,0,0,4,3,0,0,2,-3,0,2,0,0,3,-2,0,0,2,-3,2,0,-2,2,-3,0,-3,3,-3,0,3,-4,3,-3,3,-2,0,-2,0,-3,2
28,A,86,入社後の研修はOJT（実際に仕事をしながら覚える）がメイン,A-B 5段階,A,0,0,0,0,2,0,2,-2,0,0,4,0,0,0,0,0,3,0,0,0,0,-2,0,2,-2,-2,0,3,3,0,-2,0,3,-3,0,0,0,-2,0,-2,0,0,2
,B,,入社後の研修など、実際の仕事をする前の教育期間が長い,,B,0,2,3,0,-2,0,-2,2,0,0,-3,3,0,0,0,0,0,3,0,0,0,2,0,-2,2,2,2,-3,0,3,2,0,-3,3,-3,3,0,2,0,2,0,0,-2
29,,77,360°評価を取り入れている,Yes/No,Yes,0,0,2,3,0,3,0,4,-2,0,0,3,0,0,0,0,0,2,2,0,0,2,4,-2,0,3,3,3,0,0,0,3,0,3,0,4,3,0,0,0,2,2,0
30,,78,フレックス制度を取り入れている,Yes/No,Yes,3,3,0,0,0,0,0,0,0,3,2,0,0,0,0,0,2,0,0,2,0,2,0,4,0,0,3,4,4,3,0,4,0,0,3,0,0,0,0,0,0,0,3
31,,79,残業がない、少ない,Yes/No,Yes,0,2,2,0,0,0,0,0,0,4,0,3,0,0,0,0,0,0,2,0,0,2,0,0,2,3,0,-3,3,0,3,0,-3,0,0,2,0,3,0,2,0,2,0
32,,80,リモートワークが可能,Yes/No,Yes,3,0,-2,0,0,0,0,0,0,3,0,0,0,1,0,0,0,0,0,3,0,2,0,4,-2,0,-2,3,5,0,-3,4,0,-3,2,-2,0,0,0,0,0,0,3
33,,81,転勤がない、少ない,Yes/No,Yes,0,2,3,0,2,0,0,0,2,3,0,0,0,2,0,0,0,0,0,4,0,2,0,0,0,0,3,0,3,2,0,0,0,3,0,3,0,3,0,2,0,3,0
34,,75,評価制度が明確で納得度が高い,5段階,高,0,2,3,5,0,2,0,3,4,2,0,3,0,0,0,0,3,3,3,0,0,2,4,0,2,0,0,3,0,3,0,4,5,0,2,2,5,0,3,0,0,0,0
35,,82,（自分だけではなく）各社員のアイデアが取り入れられやすい,5段階,Yes,5,4,0,2,5,3,3,2,3,0,3,0,3,0,0,3,0,0,0,0,0,0,3,4,0,0,3,4,5,3,0,4,3,-3,3,0,0,0,4,0,0,0,4
36,,83,（自分だけではなく）各社員の裁量権が大きい,5段階,Yes,3,0,0,3,5,0,3,3,3,0,3,0,0,0,0,0,0,0,0,0,2,0,4,2,-3,0,0,5,3,0,0,4,5,-3,3,-3,0,-3,3,-3,-2,0,3
37,,84,社内での管理・監視は少ないと思う,5段階,Yes,4,0,3,3,2,2,0,2,2,2,3,0,0,0,0,0,0,0,0,3,0,2,3,4,0,0,2,3,5,3,0,4,3,0,4,0,0,0,0,0,0,0,3
,チーム,,,,,,,,,,,,,,,,,,,,,,,,,,,,,,,,,,,,,,,,,,,,,,,
38,,49,チームメンバー（日々の仕事を行う最小のチーム）の構成数,,,,,,,,,,,,,,,,,,,,,,,,,,,,,,,,,,,,,,,,,,,,,
,,,　10人以下,A,,1,-2,0,0,0,0,-3,0,-2,0,0,0,0,2,0,0,0,0,-2,2,0,2,0,0,-3,0,0,0,4,0,-3,-3,0,0,0,0,0,-2,0,0,-2,0,2
,,,　11人以上,B,,-1,2,0,0,0,0,3,0,2,0,0,0,2,0,0,0,0,0,2,0,0,-2,0,0,3,3,0,0,-3,0,3,3,0,0,0,0,0,2,0,0,2,0,-2
39,A,50,社員同士の協調が重要,A-B 5段階,A,-3,-3,3,-3,0,3,-3,-3,-1,0,-4,4,0,0,0,0,-3,3,0,2,-3,5,-3,-3,3,-3,5,-5,-2,-4,3,-3,-4,4,-3,4,-4,0,-3,2,0,5,0
,B,,個人での成果や成績が重要,,B,3,2,-2,3,0,-3,3,3,1,0,4,-4,0,0,0,0,3,-2,2,0,3,-5,3,2,-3,0,-3,5,2,4,-3,3,4,-4,3,-4,4,0,3,-2,0,-5,0
40,A,51,チーム内での出世争いが激しい,A-B 5段階,A,0,-2,-4,3,-2,-3,3,3,0,0,3,-4,0,0,0,0,2,-2,0,0,2,-4,4,2,-4,0,-4,3,0,0,-3,0,5,-4,2,-4,4,-3,3,-2,0,3,0
,B,,チーム全体に貢献した人が出世しやすい,,B,0,2,4,-3,2,2,-2,-3,0,0,-3,4,0,0,0,0,-3,4,0,0,-2,4,-4,-2,3,0,4,-3,0,0,3,0,-5,4,-2,4,-4,0,-3,2,0,-3,0
41,A,54,個人主義,A-B 5段階,A,4,3,-2,3,-1,-3,4,3,2,0,3,-3,-2,2,0,0,4,-2,0,0,2,-5,3,2,-3,0,-4,4,3,3,-3,0,5,-4,3,-3,4,-3,0,-2,0,-4,0
,B,,チームワーク重視,,B,-2,-3,4,-3,1,3,-4,-3,0,0,-4,5,2,-2,0,0,-2,4,0,0,-2,5,-3,-2,3,0,4,-4,-3,-3,3,0,-5,4,0,5,-4,0,0,2,0,4,0
42,A,56,一緒に働くメンバーは固定的,A-B 5段階,A,-2,0,3,0,2,2,3,0,2,0,0,0,0,2,0,0,0,0,2,0,3,2,0,-2,2,3,3,0,0,3,3,-3,0,0,0,2,0,3,0,2,0,2,0
,B,,一緒に働くメンバーは流動的,,B,2,0,-3,0,-2,0,-3,0,-2,0,3,2,2,0,0,0,0,0,0,4,-3,-2,0,4,-3,-3,-3,0,3,-3,-3,3,0,0,0,-2,0,-3,0,-2,0,-2,0
43,,52,個人間での競争が求められる,Yes/No,Yes,0,-2,-3,3,0,-3,3,4,1,0,3,-4,0,0,0,0,3,-2,0,0,2,-3,4,2,-3,0,-3,5,-3,3,-3,0,5,-3,2,-4,4,-3,3,-2,0,-3,0
44,,53,個人に成績がつく、またはノルマがある,Yes/No,Yes,-3,-2,-3,3,1,-3,3,3,0,-2,4,-3,0,0,0,0,3,-3,0,0,2,-3,2,-3,-3,0,-3,3,-5,-3,-3,0,5,-3,2,-3,3,-3,3,-3,0,-4,-3
45,A,55,当てはまる言葉は「切磋琢磨」,2択,A,0,3,-3,3,0,3,3,3,2,0,3,-3,0,2,0,0,4,-2,0,0,4,-4,2,0,-2,4,-3,4,0,3,0,3,5,-3,2,-2,3,0,0,-2,0,-3,0
,B,,当てはまる言葉は「和気あいあい」,,B,0,-3,4,-3,0,2,-3,-3,-2,0,-3,4,2,0,0,0,-2,4,0,0,-4,4,-2,0,2,-4,5,-4,0,-3,0,3,-5,3,0,4,-3,0,0,-2,0,3,0
46,A,7,温かみのある人間関係,2択,A,0,0,3,0,3,2,0,0,0,0,-2,5,2,0,0,0,-2,3,0,0,-2,4,-2,2,2,-2,5,-3,0,-3,0,3,0,3,0,4,-2,0,0,2,0,4,0
,B,,ドライな人間関係,,B,0,0,-3,2,-3,-2,0,0,0,0,2,-4,-2,2,0,0,3,-3,0,0,2,-4,2,-2,-2,2,-5,3,0,4,0,-3,0,-3,0,-4,2,0,0,-2,0,-4,0
47,A,8,問題があると誰かが手助けしてくれる,2択,A,0,0,2,-2,0,0,-3,-2,0,0,-2,3,2,0,0,0,-2,3,0,0,-2,3,-2,0,2,-3,4,-3,4,-3,0,0,-3,3,0,3,-2,3,0,2,0,3,-2
,B,,問題は自力での解決が求められる,,B,0,0,-2,2,0,0,3,2,0,0,2,-3,0,2,0,0,4,-2,0,0,2,-3,2,0,-2,3,-4,3,-4,3,0,0,3,-3,0,-3,3,-3,0,-2,0,-3,2
,コミュニケーション＆職場の雰囲気,,,,,,,,,,,,,,,,,,,,,,,,,,,,,,,,,,,,,,,,,,,,,,,
48,A,9,口頭での指示が多い,2択,A,-2,0,2,0,0,2,0,3,0,0,-3,0,2,-3,0,0,-2,2,0,0,0,2,-3,0,2,3,3,0,0,-4,0,0,0,3,0,3,-3,0,0,-2,0,2,0
,B,,メールやチャットなどテキストでの指示が多い,,B,3,0,-2,0,0,-2,0,-3,0,0,3,0,-2,3,0,0,2,-2,0,0,0,-2,3,0,-2,3,-3,0,0,4,0,0,0,-3,0,-3,3,2,0,2,0,-2,0
49,A,10,決裁に時間がかかる（決裁プロセスが多い）,2択,A,-2,2,2,-4,-3,-2,0,2,3,2,-4,0,-3,3,3,-3,-3,0,-3,4,2,0,-3,-3,0,4,0,-4,3,0,3,-3,-3,3,-5,3,-4,3,0,3,0,0,-2
,B,,決裁スピードが早い,,B,2,-3,-2,4,3,2,0,-2,0,-2,4,0,3,-3,-3,3,3,0,4,-3,-2,0,3,3,0,-4,0,4,-3,0,0,3,3,-3,5,-2,4,-3,0,-3,0,0,2
50,A,11,ムダな社内会議が少ない,2択,A,2,0,0,4,3,0,0,0,0,0,3,0,2,0,0,3,3,0,2,0,0,-3,4,2,0,0,-2,5,0,3,0,3,4,-2,4,0,4,0,0,0,0,-2,2
,B,,社内会議が長い（平均1時間以上）,,B,-2,0,0,-4,-3,0,0,1,4,2,-3,0,-2,2,0,-3,-3,0,-2,2,0,3,-4,-2,2,3,3,-5,0,-3,3,-3,-4,2,-4,0,-4,2,0,0,0,2,-2
51,A,1,自由な気風,2択,A,5,2,1,3,2,3,-2,-2,-1,1,3,2,2,-2,0,0,0,2,0,2,-4,2,0,4,-2,-3,3,0,5,0,-3,5,0,3,3,0,-2,0,2,2,-2,0,4
,B,,厳しさのある気風,,B,-3,-2,-1,-3,-2,-2,2,2,2,-1,-2,-2,-2,2,0,0,0,-2,2,0,4,-2,0,-4,2,3,-3,0,-5,2,3,-5,0,-3,-3,0,2,0,-2,-2,2,0,-4
52,A,2,リラックスした雰囲気の職場,2択,A,3,2,3,3,0,4,-1,-2,0,5,2,2,2,0,0,0,0,2,0,0,-3,4,0,3,0,-3,4,0,3,0,-2,3,0,5,0,2,-2,0,2,3,-2,2,0
,B,,緊張感のある職場,,B,-2,-2,-3,-3,0,-2,1,2,2,-4,-2,-2,-2,2,0,0,2,-2,0,0,3,-4,0,-3,2,3,-4,0,-3,2,2,-3,0,-5,0,-2,2,0,-2,-3,2,-2,0
53,A,3,わきあいあいとした職場,2択,A,2,0,3,0,2,3,-2,-3,0,1,0,5,2,-2,0,0,-2,3,0,0,-2,4,-2,0,0,0,4,-4,3,0,0,0,-4,3,0,3,-3,0,-2,3,0,3,0
,B,,競争が激しい職場,,B,-3,0,-2,3,-2,-2,2,3,0,0,0,-4,0,0,0,0,2,-3,0,0,2,-4,2,0,-3,0,-4,4,-3,-2,0,0,4,-3,0,-3,3,0,2,-3,0,-3,0
54,A,4,伸び伸びとした社風,2択,A,3,2,3,4,2,3,-2,-2,0,4,3,2,2,0,0,0,0,2,0,2,-4,3,0,3,2,-4,3,0,5,0,-2,5,0,3,2,0,0,0,0,3,-2,0,3
,B,,厳格な社風,,B,-2,-2,-2,-4,-2,-2,2,2,2,-3,-3,-2,0,2,0,0,0,-2,2,0,4,-3,0,-3,-2,4,-3,0,-5,0,2,-5,0,-3,-2,0,0,0,0,-3,2,0,-3
55,A,5,ワイワイガヤガヤとした職場,2択,A,3,0,3,0,0,2,0,-2,0,1,0,4,4,-3,0,0,-2,3,0,0,-3,3,0,3,0,-3,4,0,0,-3,0,3,3,3,3,2,0,-3,3,-3,-3,4,3
,B,,キーボードの音が聞こえるような静かな職場,,B,0,0,-2,-3,0,-2,0,2,0,-1,0,-2,-4,3,0,0,2,-3,0,0,3,-3,0,-3,3,3,-4,0,0,3,3,-3,-3,-2,-3,-2,0,3,-3,3,3,-4,-3
56,A,6,他人と同じ行動をする必要がある,2択,A,-3,-2,0,-2,-1,-2,2,0,2,-1,-2,3,0,0,0,0,-2,2,0,0,3,-2,-3,-4,2,4,3,-4,-5,-2,3,-5,-4,3,-3,0,0,3,-3,3,3,2,-4
,B,,同調圧力が低い,,B,4,2,0,3,1,3,-2,0,0,1,2,0,0,0,0,0,2,0,0,0,-3,2,3,4,0,-3,0,4,5,3,-3,5,4,-3,3,0,0,0,3,-3,-3,-2,4
57,A,12,月に一度以上、上司との面談がある,A-B 5段階,A,0,0,2,0,1,3,0,-2,2,1,0,3,3,-1,0,0,0,3,0,0,0,3,0,0,0,0,5,0,3,-3,3,2,-2,3,-2,4,0,0,0,2,0,3,0
,B,,上司との面談は、年に一回程度,,B,0,0,-2,0,-1,-2,0,2,0,-1,0,-2,-3,1,0,0,0,-3,0,0,0,-3,0,0,0,0,0,0,-3,3,0,-2,2,-3,2,-3,0,0,0,-2,0,-3,0
58,A,13,社内の飲み会が多い（月に最低1回以上）,A-B 5段階,A,0,0,2,0,1,2,0,0,2,0,-3,4,2,0,0,0,0,3,0,0,0,3,0,0,0,0,4,-3,-3,-4,0,3,0,2,0,3,-3,-2,3,-3,0,3,-2
,B,,社内の飲み会は少ない（数ヶ月に1回以上）,,B,0,0,-1,0,0,-2,0,0,0,0,3,-2,-2,2,0,0,0,-2,0,0,0,-3,0,0,0,0,-2,3,3,4,0,-3,0,-2,0,-2,3,2,-3,3,0,-3,2
,オフィススペース,,,,,,,,,,,,,,,,,,,,,,,,,,,,,,,,,,,,,,,,,,,,,,,
59,A,62,オフィスは整然としてキレイな空間,A-B 5段階,A,0,0,2,0,0,4,0,0,0,4,0,0,0,0,2,0,0,0,3,0,3,0,2,0,0,4,0,3,0,3,0,3,0,0,0,0,3,3,-2,3,2,0,-2
,B,,オフィスは書類などが乱雑に重なっているような空間,,B,3,0,-2,0,0,-4,0,0,0,-4,3,0,0,0,0,0,0,0,0,3,-3,0,-2,2,0,-4,0,-3,3,0,0,-3,0,0,3,0,-3,-4,2,-3,-2,0,2
60,A,63,自分の会社はオシャレなオフィスと言える,A-B 5段階,A,0,0,2,0,0,4,0,0,0,2,0,0,0,0,0,0,0,0,0,0,0,2,0,3,0,0,0,4,5,0,0,4,0,0,0,0,0,0,0,0,0,0,3
,B,,自分の会社はオシャレなオフィスと言えない,,B,0,0,-2,0,0,-3,0,0,0,-2,0,0,0,0,0,0,0,0,0,0,0,-2,0,-2,0,0,0,-3,-3,0,0,-2,0,0,0,0,0,0,0,0,0,0,-3
61,A,61,自由な服装,2択,A,3,0,0,3,0,2,0,0,0,0,2,0,0,0,0,2,0,0,0,3,-3,0,0,4,-2,-1,0,3,5,2,-3,3,0,0,3,0,0,0,2,-2,-2,0,4
,B,,制服やスーツなど、服装の規定がある,,B,-3,0,0,-2,0,0,2,2,0,0,-2,0,0,0,0,0,0,0,2,0,3,0,0,-4,2,1,0,-3,-3,-2,3,-3,0,0,-2,0,0,3,-2,2,2,0,-4
62,,57,一人で集中できるスペースがある,Yes/No,Yes,3,4,0,2,0,0,0,4,0,1,3,0,0,3,0,0,0,0,0,0,0,0,0,3,0,3,0,0,5,5,0,0,0,0,0,0,0,4,0,4,0,0,2
63,,58,オフィスに音楽がかかっている,Yes/No,Yes,2,0,3,3,0,3,0,-2,0,2,0,2,2,0,0,0,0,0,0,0,-3,3,0,3,0,-2,3,0,3,-3,0,3,0,3,2,2,0,0,3,0,-2,3,2
64,,59,イヤホンで各自が音楽を聞いている,Yes/No,Yes,3,2,0,2,0,-1,-2,-3,0,0,3,-2,-3,3,0,0,0,0,0,0,-2,-2,0,3,0,-3,-3,0,4,0,0,0,0,-3,2,-2,0,0,0,0,0,-3,3
65,,60,整理整頓に厳しい,Yes/No,Yes,-3,0,2,-3,0,3,2,3,0,2,-3,0,-2,2,2,0,0,0,3,-3,3,0,2,-4,2,4,0,0,-3,3,3,-3,-3,0,-3,0,0,3,-3,2,2,0,-3
,企業データ,,,,,,,,,,,,,,,,,,,,,,,,,,,,,,,,,,,,,,,,,,,,,,,
66,,19,会社の規模は大きいと感じる,Yes/No,Yes,0,2,1,0,0,0,3,0,2,1,2,0,0,0,0,0,0,0,0,0,0,0,0,0,3,3,0,0,-3,0,4,0,0,0,0,0,0,4,0,2,3,0,0
67,,23,経営が安定していると感じる,Yes/No,Yes,2,0,3,0,0,0,0,1,2,4,0,0,0,2,2,0,0,0,0,0,2,0,0,-2,5,3,0,0,3,0,4,-2,0,3,-2,0,0,5,0,2,4,0,0
68,,28,多様な年齢のメンバーがいると感じる,Yes/No,Yes,2,0,0,0,0,2,0,0,0,0,0,3,2,0,0,0,0,0,0,0,0,3,0,2,0,0,3,0,3,0,0,3,0,3,2,0,0,0,0,0,0,2,0
69,,31,男女の機会が均等に与えられていると感じる,Yes/No,Yes,2,0,0,0,0,3,0,4,0,2,0,4,0,0,0,0,3,0,0,0,3,0,3,0,0,0,3,3,3,0,0,4,3,3,0,3,0,0,0,0,0,2,0
,,,,,No,-2,0,0,0,0,-2,0,-4,0,0,0,-3,0,0,0,0,-3,0,0,0,-3,0,-3,0,0,0,0,-4,-3,0,0,-4,-3,-3,0,-3,0,0,0,0,0,-2,0
70,A,25,会社が毎年、急激に成長していることを実感する,A-B 5段階,A,0,-1,-1,3,3,2,0,-1,-2,1,3,0,0,0,-2,4,0,0,0,0,-2,0,0,3,-4,-2,0,3,-3,0,-4,3,4,-3,3,0,3,0,3,-2,-4,0,0
,B,,会社が毎年、安定的に成長し続けていることを実感する,,B,1,1,3,0,0,0,0,1,2,4,0,0,0,0,2,0,0,0,0,0,2,0,0,-2,4,2,0,-3,3,0,4,-3,0,3,-3,0,0,3,-3,2,4,0,0
71,A,32,様々な経歴の社員がいると感じる,A-B 5段階,A,3,0,0,0,0,2,0,0,2,2,0,3,2,0,0,0,0,0,0,0,-3,2,0,3,0,0,2,0,3,3,-3,5,0,0,3,0,0,-3,2,0,-1,2,2
,B,,社員の経歴は似ていると感じる,,B,-2,0,0,0,0,-2,0,0,0,-2,0,0,-2,0,0,0,0,0,0,0,3,-2,0,-3,0,0,0,0,-3,0,3,-5,0,3,0,0,0,3,-2,0,1,0,-2
72,A,33,様々な国籍の社員がいる,A-B 5段階,A,3,0,0,0,0,2,0,0,0,2,0,4,3,-2,0,0,0,0,0,0,-3,2,0,3,0,0,3,0,4,2,-3,3,0,-3,3,2,0,-3,0,0,-1,2,3
,B,,社員の国籍はほぼ同じ,,B,0,0,0,0,0,0,0,0,0,0,0,0,0,2,0,0,0,0,0,0,0,0,0,0,2,0,3,0,0,0,0,0,0,0,0,0,0,0,0,0,0,0,0
求める人材について,,,,,,,,,,,,,,,,,,,,,,,,,,,,,,,,,,,,,,,,,,,,,,,,
,仕事の内容,,,,,,,,,,,,,,,,,,,,,,,,,,,,,,,,,,,,,,,,,,,,,,,
73,A,87,自然を相手にする仕事,3択,A,0,2,5,-2,0,-2,2,4,3,3,-3,0,-2,4,0,0,0,3,0,3,3,0,2,0,2,0,-2,0,3,5,0,0,3,4,2,0,0,0,-2,3,0,0,0
,B,,ものづくりに関わる仕事,,B,0,3,2,2,2,3,4,2,3,2,2,-2,0,3,0,0,3,0,3,0,3,-3,2,3,3,0,-3,2,5,5,0,2,3,0,2,0,3,0,-2,0,0,-2,3
,C,,人を相手にする仕事,,C,0,-2,-2,3,3,0,0,0,3,0,3,4,5,-2,0,0,0,3,0,2,0,4,2,0,0,0,5,4,-3,-5,0,4,4,3,4,3,3,-3,4,-3,-2,2,-3
74,A,88,工場や屋外での作業が多い,3択,A,0,2,2,0,2,-3,3,4,0,0,0,3,0,4,0,0,0,0,2,0,0,-3,-2,0,2,0,0,-3,3,0,0,0,3,3,0,0,0,0,-2,0,0,-2,3
,B,,営業など社外での活動が中心,,B,0,-2,-2,3,3,3,3,0,0,0,2,4,3,-2,0,0,0,0,0,2,0,2,2,3,-3,0,3,4,-3,-3,-3,5,4,-3,3,2,2,-3,4,-3,0,2,-3
,C,,デスクワーク中心,,C,0,0,0,1,0,2,0,2,0,0,0,-2,-2,2,0,0,0,0,2,0,0,0,3,-2,3,0,-2,0,3,5,3,-3,-3,4,-3,2,2,3,-4,3,0,0,0
75,,89,体を動かす仕事,5段階,Yes,3,0,3,0,3,0,3,3,3,0,3,0,0,0,0,0,0,2,0,2,0,3,-4,4,0,0,0,0,3,-5,0,3,5,0,3,0,0,-3,3,-3,0,2,0
76,,90,データを扱う仕事,5段階,Yes,0,2,0,0,0,0,0,2,0,0,-3,3,0,3,4,-3,3,-3,0,0,2,-3,5,-2,3,4,-4,3,-3,5,0,-3,-3,0,0,0,4,3,-3,3,0,-2,0
77,,91,人前で話す機会が多い,5段階,Yes,0,-2,0,2,2,-3,2,0,0,0,0,0,3,-3,0,0,0,2,0,0,0,3,0,2,-3,-2,2,5,-3,-3,0,4,5,-3,4,2,0,-3,4,-3,-2,2,-2
78,,92,地道な作業が多い,5段階,Yes,-3,0,0,-3,-3,-2,2,2,0,0,-3,0,-2,2,2,-2,0,0,3,-3,3,-2,0,-3,4,3,0,-5,0,5,4,-5,-3,3,-4,1,0,3,-3,4,2,0,-3
79,,93,社内の別の人をサポートする仕事,5段階,Yes,-2,2,3,-2,-3,2,-3,0,-3,0,-3,3,-2,2,2,-2,-2,3,0,3,-3,3,-2,-3,4,-3,5,-5,-3,2,4,-4,-5,4,-3,3,0,3,-2,3,2,4,-3
80,,94,手先を使う仕事,5段階,Yes,0,0,2,0,0,0,0,0,0,0,0,0,-1,3,0,0,0,0,0,0,0,0,0,0,0,2,0,0,5,2,0,0,0,3,0,0,2,2,-3,3,0,0,3
81,,95,顧客と対面する機会が多い,5段階,Yes,0,-2,0,3,3,0,3,0,2,0,0,3,3,-3,0,0,0,0,0,0,0,3,2,2,-2,0,5,3,-3,-4,0,4,4,3,4,3,0,-2,4,-3,0,2,0
82,,96,機械（パソコン以外）を操作する仕事,5段階,Yes,0,0,-3,0,0,0,0,2,0,0,0,-3,-3,3,0,0,2,-2,0,0,2,0,3,0,2,3,-3,0,3,3,2,0,0,3,0,0,2,3,-3,3,0,-2,0
83,,97,頭脳労働（ブレインワークス）,5段階,Yes,2,3,0,3,1,0,0,0,0,0,0,0,0,0,0,0,3,-3,0,0,0,-3,4,-3,0,2,-3,3,0,5,0,3,0,0,0,0,4,2,0,3,0,0,0
84,,98,数字を扱う,5段階,Yes,0,2,0,0,0,0,0,0,0,0,-2,3,-3,2,3,-2,2,-2,0,0,2,-2,5,-3,0,0,-3,0,-3,5,0,-3,-3,0,-3,0,4,2,0,3,0,-2,0
85,,99,1つのことに没頭できる仕事,5段階,Yes,3,5,0,0,0,0,0,4,2,0,3,0,0,4,0,0,0,0,0,0,0,0,3,0,2,3,0,3,5,5,3,-3,0,4,4,0,0,3,-3,4,0,-2,0
86,,100,公益につながる仕事,5段階,Yes,0,0,2,0,0,0,3,2,0,0,0,4,0,0,0,0,0,0,0,0,3,2,0,-2,2,4,3,0,0,3,4,0,0,4,0,0,0,3,0,0,2,0,-2
87,,101,仕事のルールが頻繁に変わる,5段階,Yes,4,-3,-2,0,0,2,-3,-5,-4,0,2,0,0,0,0,3,0,0,-3,4,-3,0,2,3,-2,-4,0,4,2,-3,-4,4,3,-4,3,0,2,-4,2,-3,-3,0,3
88,,102,これまで取り組んだことのない、新しいプロジェクトに関われる機会が多い,5段階,Yes,3,0,-2,4,5,4,0,-2,-4,0,1,0,0,0,0,4,0,0,0,0,-2,0,3,3,-2,-3,0,5,5,0,-3,5,5,-2,4,0,3,-2,3,-2,0,-2,3
89,,103,一回の取引金額が大きい（数千万円以上）,5段階,Yes,3,0,-2,2,0,-2,4,3,0,0,-3,0,0,0,-2,3,0,0,0,0,2,-2,0,3,-3,2,-3,3,0,0,0,3,5,-3,3,0,0,-4,3,-3,-2,-2,0
,仕事の進め方,,,,,,,,,,,,,,,,,,,,,,,,,,,,,,,,,,,,,,,,,,,,,,,
90,,104,誰の成果・結果かが明確にわかる,5段階,Yes,2,0,-2,4,3,0,3,4,4,2,4,0,0,0,0,0,3,0,2,0,2,-2,4,2,-2,3,-3,5,3,3,-3,5,5,-4,3,-2,4,0,3,-2,0,-3,3
91,,105,単純作業が多い,5段階,Yes,-3,0,0,-3,-3,-2,0,0,0,2,0,0,-2,2,2,-2,0,0,2,-3,2,0,-4,-3,4,3,0,-5,-3,-3,4,-5,-4,4,-3,0,0,3,-3,2,2,0,-3
92,,106,ルーティンワーク（決まったことを決まった手順で行う仕事）が多い,5段階,Yes,-4,0,0,-4,-3,-3,2,2,0,3,-2,0,0,0,1,-1,0,0,2,-3,2,0,-4,-3,4,3,0,-5,-4,-4,4,-5,-5,4,-3,0,0,3,0,2,2,0,-2
93,,107,黙々と仕事を進める必要がある,5段階,Yes,-2,3,0,0,-1,0,2,4,2,2,3,-2,-3,3,0,0,0,0,0,0,2,-3,0,0,3,4,-3,3,4,4,4,-3,-3,4,-3,0,0,3,-3,3,2,0,0
94,,108,指示された仕事を正確に行う必要がある,5段階,Yes,-5,0,3,-2,-3,-2,3,2,-2,1,-2,0,0,0,2,0,0,0,3,-2,4,0,0,-3,3,4,0,-3,-3,0,4,-4,-3,4,-4,0,0,3,-2,3,2,0,-2
95,,109,計画的に仕事を進める必要がある,5段階,Yes,-4,2,2,0,-2,0,3,4,0,2,-2,0,0,0,0,0,0,0,4,-3,3,0,2,-3,3,3,0,3,-3,3,4,-3,-3,4,-2,0,0,4,-2,2,3,0,0
96,,110,仕事の内容は一定で、あまり変化がない,5段階,Yes,-3,0,2,-2,-3,-2,2,2,3,2,0,0,0,2,2,0,0,0,3,-3,2,0,-3,-3,3,3,0,-3,0,-3,4,-5,-3,4,-3,0,0,3,-3,2,2,0,-3
97,,111,仕事の内容が日や時期によって変化する,5段階,Yes,4,-3,0,4,4,3,-2,-2,-3,0,2,0,2,-2,0,2,0,0,-4,4,-2,0,3,3,-3,-3,0,3,3,3,-4,5,3,-3,3,0,0,-4,3,-2,-3,0,3
98,,112,アイデアを出すことが求められる,5段階,Yes,5,3,0,4,4,4,0,0,0,0,2,0,2,0,-2,4,0,2,0,0,-2,2,0,4,-3,-4,0,5,5,3,-3,4,3,-3,4,0,-2,-3,2,-2,-3,0,4
99,,113,アイデアを形にすることが求められる,5段階,Yes,0,5,0,-2,2,2,0,2,3,2,3,0,0,2,2,0,0,0,0,0,2,0,2,-2,0,0,0,4,5,0,0,-3,4,0,2,0,0,2,0,2,3,0,0
100,,114,自分で判断する余地が大きい,5段階,Yes,4,0,-2,3,3,0,3,3,2,0,3,0,0,0,0,0,0,0,0,0,2,0,3,3,-3,0,0,5,3,3,-4,4,5,-3,4,-3,0,-3,0,-2,-3,-2,-2
101,,115,一人でコツコツ仕事をする必要がある,5段階,Yes,-2,3,-2,0,-3,0,2,3,0,3,3,-3,-3,3,0,0,0,-2,0,0,2,-4,2,-3,4,3,-5,0,2,5,4,-3,-3,4,-3,0,0,3,-3,3,3,-3,-2
102,,116,計画を自分で立てる必要がある,5段階,Yes,2,-3,0,2,3,0,0,4,2,2,3,-1,0,0,0,0,0,0,4,-3,3,0,2,-3,-3,4,0,0,-2,3,3,-3,0,-3,-2,0,0,3,0,2,4,-2,0
103,,117,突発的な仕事が多い,5段階,Yes,4,-4,0,3,3,3,-3,-3,-3,-3,3,0,3,-3,0,0,0,0,-3,4,-3,0,3,3,-3,-4,0,3,-3,-3,-4,4,3,-4,3,0,0,-3,2,-3,-4,0,3
104,,118,自分で仕事のやり方を決めることができる,5段階,Yes,4,4,2,4,3,0,3,3,3,0,3,0,0,0,0,0,0,0,3,3,2,0,2,3,-3,0,0,4,3,5,-3,4,5,0,4,0,2,0,2,-2,-2,-2,4
105,,119,仕事の手順が決まっている,5段階,Yes,-2,0,0,-2,-2,0,2,3,0,2,-2,0,0,2,0,0,0,0,3,-2,2,0,-3,-4,4,3,0,-3,0,-3,4,-3,-3,4,-3,0,-2,3,-2,2,2,0,-2
106,,120,マニュアルに沿って、仕事を進めていく,5段階,Yes,-3,-2,0,-3,-3,-2,3,2,0,2,-2,0,0,2,0,0,0,0,3,-2,2,0,-3,-4,4,3,0,-4,-3,-4,4,-4,-4,4,-4,0,0,4,-2,2,2,0,-2
107,A,14,顧客や取引先など社外とのコミニュケーションが必要,A-B 5段階,A,0,0,2,3,2,0,2,0,2,0,0,4,3,-3,0,0,0,2,0,0,0,3,3,2,-2,0,5,3,-3,-4,0,4,5,3,3,3,0,-2,4,-3,0,3,-2
,B,,社外とのコミニュケーションはほとんど無い,,B,0,0,0,-2,0,0,0,0,0,0,0,-3,-3,3,0,0,0,0,0,0,0,-3,0,0,3,0,-3,0,3,4,0,-3,-5,0,-3,0,0,2,-3,3,0,-3,2
108,A,15,接待が必要,A-B 5段階,A,0,-2,-2,-3,2,-2,2,-2,1,0,-3,2,3,-4,0,0,0,2,0,0,-3,2,-3,0,-3,-2,3,0,-5,-5,-3,3,5,2,2,3,-3,-3,4,-4,0,0,-3
,B,,接待はほぼ無い,,B,0,3,3,3,0,2,0,2,0,0,3,0,0,3,0,0,0,0,0,0,3,0,3,0,3,2,0,0,5,5,3,-2,-2,0,0,0,3,3,0,4,0,0,3
,求められる能力,,,,,,,,,,,,,,,,,,,,,,,,,,,,,,,,,,,,,,,,,,,,,,,
109,A,121,粘り強さ、辛抱強さがある,2択,A,-3,3,0,-5,-4,-1,3,4,4,3,2,0,-1,1,0,0,0,0,-2,2,2,2,-3,-4,4,3,0,-3,3,3,4,-3,-3,4,-3,0,-3,3,-3,3,2,0,-3
,B,,スピードが早く効率的に仕事ができる,,B,3,-3,-3,4,4,1,0,-3,-3,-2,4,-3,3,-3,0,0,3,-3,2,-2,-2,-2,4,0,0,-4,0,4,-3,-3,-3,4,5,-3,3,0,4,-3,2,-3,-3,-3,0
110,A,122,優しい,2択,A,0,0,3,0,1,2,-3,-4,0,0,-3,3,0,0,0,0,-3,3,0,0,-4,4,-2,0,2,-5,5,-3,0,-3,3,3,-5,4,-2,4,-3,0,0,0,0,3,0
,B,,成果が出せる,,B,2,0,-2,3,2,0,3,4,2,2,3,0,0,0,0,0,3,-2,0,0,2,-3,4,0,0,0,-3,4,0,3,0,4,5,-2,3,0,4,0,0,0,-2,0,0
111,A,123,対人力が高い,2択,A,0,-2,0,2,3,2,0,-2,3,0,-3,4,4,-4,0,0,0,2,0,0,-2,3,-2,0,0,-3,5,0,0,-5,0,4,5,4,4,3,-2,0,3,-3,0,2,0
,B,,分析力が高い,,B,0,2,1,0,0,-2,0,2,0,4,0,2,-2,2,4,-2,3,-3,0,0,2,-3,4,-3,0,3,-3,3,0,5,0,0,0,0,-2,0,3,2,-3,3,0,0,0
112,A,124,思いやり,2択,A,0,0,3,0,1,2,3,0,0,0,-2,3,0,0,0,0,-3,4,0,0,-3,4,-4,0,2,-4,5,-4,0,-3,3,3,-4,4,-3,4,-4,0,0,0,0,3,0
,B,,戦略性,,B,0,0,0,3,2,0,3,0,3,1,0,2,0,0,0,2,4,-2,0,0,2,-4,4,0,-2,2,0,4,0,3,0,0,3,0,0,0,4,0,0,0,0,-3,0
113,A,125,対話力,2択,A,0,-2,2,2,3,2,0,0,2,0,-2,3,3,-3,0,0,-2,3,0,0,-2,3,-3,0,0,-3,4,0,0,-3,0,3,0,3,3,3,-2,0,3,-2,0,2,0
,B,,プレゼンテーション能力,,B,0,-1,0,3,3,-3,3,0,0,0,0,0,3,-3,0,3,2,-1,0,0,2,-3,3,2,-3,2,-3,5,-3,3,0,4,5,-3,4,-2,2,-3,4,-4,0,-2,3
114,A,126,ルーティンワークが得意,2択,A,-3,0,0,-3,-3,-3,3,2,2,2,0,0,0,1,0,0,0,0,3,-3,2,-2,-3,-4,4,4,0,-4,-3,-4,4,-5,-5,4,-5,0,0,3,-3,3,2,0,-2
,B,,マルチタスクが得意,,B,3,-2,0,3,3,0,-3,-3,-2,0,3,0,1,0,0,0,2,-2,-4,4,-2,2,3,4,-4,-4,-3,4,0,3,-4,5,5,-3,3,0,0,0,3,-3,-2,0,2
115,A,127,集団行動をさせたい,2択,A,-3,-3,4,-3,1,2,-3,-3,-1,-2,-3,5,3,0,0,0,-1,3,2,-2,-3,3,-3,-4,4,-3,5,-4,-3,-3,4,3,-5,4,-3,3,-3,2,-3,2,0,4,-3
,B,,個人裁量を与えたい,,B,4,3,-2,3,3,-2,3,4,2,2,4,-4,0,0,0,0,3,0,-2,2,3,-3,3,4,-4,0,0,4,3,3,-3,4,5,-4,4,-3,3,-2,3,-2,0,-4,3
116,A,128,忠誠心が高い,2択,A,-2,2,0,0,0,0,0,-4,0,0,0,0,0,0,0,0,-2,2,0,0,2,3,-2,-3,4,0,3,-3,0,2,5,0,-4,3,-2,0,0,4,-2,2,3,2,-2
,B,,自立心が高い,,B,2,4,-2,3,3,0,3,4,3,2,3,-3,0,0,0,2,2,0,0,0,3,-3,2,3,-4,2,-2,4,3,3,-4,3,5,-3,4,-2,2,-3,2,-2,-3,-3,2
117,A,129,ジェネラリスト（色々な職種、仕事を任せられる）,2択,A,3,-2,0,3,3,3,-3,-3,-3,0,0,0,2,0,0,2,0,0,0,3,-3,0,3,-3,2,-3,0,4,0,-3,3,4,4,0,0,0,2,0,4,-4,0,0,-2
,B,,専門職,,B,-2,2,0,0,0,0,3,5,3,0,3,0,0,2,2,0,0,0,2,0,3,0,3,3,0,4,0,0,5,5,0,-3,0,3,0,0,0,3,-4,4,0,0,2
118,A,130,従順に指示に従うことができる,2択,A,-5,-2,2,-3,-3,-2,0,-3,-2,2,-3,3,0,2,0,0,-3,2,2,-2,2,2,-3,-3,5,3,2,-3,0,0,4,-3,-5,4,-3,2,-3,3,-3,3,2,3,0
,B,,交渉力がある,,B,0,0,0,4,2,0,0,0,4,3,0,0,2,0,0,0,2,-2,-2,2,-3,-4,3,2,-3,0,-5,4,-4,0,-3,3,5,-3,3,0,3,-4,3,-3,-3,-3,0
119,A,131,感受性が高い,2択,A,2,0,3,0,0,1,0,0,-2,0,0,2,0,0,0,0,-4,5,0,0,-4,5,-4,3,2,-3,4,0,5,-5,0,0,-3,3,-3,3,0,0,0,0,0,2,3
,B,,論理性が高い,,B,-3,3,1,0,0,0,0,0,0,0,0,2,0,0,0,0,5,-4,0,0,2,-3,5,-3,-2,3,-2,2,-2,5,2,0,0,0,0,0,4,2,0,0,0,-2,0
120,A,132,黙々と作業に没頭できる,2択,A,0,4,0,0,-2,0,2,4,3,2,2,-2,-3,3,0,0,0,0,2,0,2,-3,0,-3,4,4,-4,0,3,5,4,-4,-3,4,-3,0,0,4,-3,3,2,0,2
,B,,アイデアを次々に出せる,,B,4,-3,-2,3,3,3,-2,-4,-3,0,3,0,3,-3,-3,4,0,2,0,2,-4,2,0,4,-4,-4,-2,4,5,-3,-3,4,3,-3,4,0,-2,-4,2,-3,-2,0,3
121,A,133,調査力がある,2択,A,0,0,0,0,0,-1,0,-2,2,4,0,3,-2,2,3,-3,3,-2,3,0,2,0,3,-3,2,0,0,0,0,5,0,-3,0,0,0,0,4,2,-2,3,0,-2,0
,B,,実行力がある,,B,0,-2,3,2,4,1,3,2,0,2,4,-4,0,0,0,0,0,0,0,3,3,0,-3,4,-2,3,0,4,0,0,0,3,5,-3,3,0,4,0,2,-3,0,0,0
122,A,16,部下への厳しい指導が必要,3択,A,0,0,-3,3,0,0,4,3,4,-1,3,-3,0,0,0,0,3,-2,0,0,5,-4,3,-3,-3,4,-3,3,-3,2,-3,-3,5,-4,2,-3,3,-3,0,0,0,-3,0
,B,,部下へは優しく接する必要がある,,B,0,0,3,-3,2,2,-3,-3,-4,1,-3,4,0,0,0,0,-3,3,0,0,-4,4,-3,0,0,-5,5,0,2,-3,3,3,-4,4,0,3,-3,2,0,0,0,3,0
,C,,部下への指導やマネジメントは必要ない,,C,3,0,0,0,0,0,0,0,0,0,3,0,0,0,0,0,0,2,0,0,0,2,0,0,3,0,3,2,5,5,0,0,0,3,0,0,0,3,0,3,0,0,3
,,,,,,,,,,,,,,,,,,,,,,,,,,,,,,,,,,,,,,,,,,,,,,,,
123,1−4位,134,献身性が求められる,,Yes,-3,2,2,-3,-2,-1,-3,-3,-3,-2,-4,4,0,0,0,0,-2,4,0,0,-5,5,-5,-2,2,-3,5,-5,0,-5,3,-3,-5,4,-3,4,-3,0,0,0,2,4,-2
,1−4位,135,細かな指示を出すことが求められる,,Yes,-4,-2,-2,-2,0,-3,3,2,3,0,0,-3,0,0,2,-2,2,-2,3,-2,4,-3,2,-3,0,5,-3,-3,-3,3,-3,-3,3,0,-3,0,3,0,0,2,2,-2,-3
,1−4位,145,客観的な判断が求められる,,Yes,0,2,-2,0,0,0,0,3,-2,0,0,3,0,0,1,-1,5,-4,0,0,2,-3,4,0,0,3,-3,4,-3,5,3,0,3,0,0,0,4,2,0,0,0,-3,-2
,1−4位,151,人を育てることが求められる,,Yes,0,0,3,0,0,0,2,4,-1,0,-3,2,3,-3,0,0,0,2,0,0,0,3,0,0,0,3,4,3,0,-3,3,3,0,5,0,2,0,0,0,0,0,3,0
,,,,,,,,,,,,,,,,,,,,,,,,,,,,,,,,,,,,,,,,,,,,,,,,
124,1−4位,136,完璧さが求められる,,Yes,-4,4,-2,-2,0,-3,4,2,0,1,-3,0,-1,1,2,-2,0,-2,2,-2,4,-3,0,-4,2,4,-3,0,0,2,4,-4,2,2,-3,0,2,4,-3,3,4,0,0
,1−4位,150,倫理観が求められる,,Yes,0,3,0,0,0,0,3,4,0,0,0,3,0,0,0,0,0,0,0,0,3,2,-2,-2,2,5,0,-3,0,0,3,0,-3,3,0,0,-2,3,0,0,3,2,0
,1−4位,156,知的好奇心が求められる,,Yes,3,3,0,3,3,4,0,0,0,0,3,0,0,0,0,2,3,-2,-3,3,0,0,4,4,0,0,0,3,5,5,0,4,3,0,3,0,4,-3,0,0,0,0,4
,1−4位,143,部下（または他人）のマネジメントが求められる,,Yes,0,-2,2,0,3,0,2,3,3,0,-2,-3,0,0,0,0,2,0,0,0,3,-3,2,-2,-3,3,-2,0,-3,-2,3,-3,5,-2,2,-2,3,-2,0,-2,0,0,-3
,,,,,,,,,,,,,,,,,,,,,,,,,,,,,,,,,,,,,,,,,,,,,,,,
125,1−4位,137,リーダーシップが重要,,Yes,0,0,0,0,3,0,3,4,0,0,0,-3,1,-1,0,3,0,0,0,0,3,-3,0,3,-3,2,-3,3,-3,-3,-3,0,5,-3,4,-3,3,-3,0,-3,-2,0,-2
,1−4位,138,部下や同僚の心のケアが必要,,Yes,0,0,2,-2,1,2,-3,-3,-4,0,-3,4,1,0,0,0,-3,4,0,0,-3,5,-3,0,3,-5,5,-4,0,-4,3,0,-4,4,-4,4,-4,0,0,0,0,4,0
,1−4位,141,コンサルティング能力が必要,,Yes,0,0,0,2,2,0,3,3,2,0,0,0,0,0,0,0,4,-2,0,0,2,-3,3,-3,-2,3,2,5,-3,3,0,2,3,-3,2,0,4,-2,0,0,0,0,0
,1−4位,144,クリエイティブ能力が必要,,Yes,3,0,2,0,0,3,-3,-2,0,1,0,0,0,0,0,0,0,2,-3,3,-3,0,0,3,0,-3,0,0,5,-3,-3,3,0,0,0,0,0,0,0,0,-3,-2,4
,,,,,,,,,,,,,,,,,,,,,,,,,,,,,,,,,,,,,,,,,,,,,,,,
126,1−4位,139,柔軟性が必要,,Yes,4,-2,0,0,2,3,-2,-3,-2,-2,1,0,2,-2,0,0,0,0,-5,5,-4,2,2,3,-2,-3,2,3,2,0,3,4,0,-3,3,0,0,0,0,-2,-3,0,2
,1−4位,140,芸術性が必要,,Yes,4,0,3,0,0,3,-2,0,0,1,0,0,0,0,0,0,-2,3,0,3,-2,0,-2,3,0,-4,-3,0,5,-3,-3,0,0,0,0,0,0,0,0,-3,-3,-2,4
,1−4位,142,共感性が重要,,Yes,0,0,2,0,1,2,-2,-2,0,0,0,3,2,-2,0,0,-3,5,0,0,-3,4,-3,0,2,-3,5,-3,2,-3,3,2,-3,4,-3,4,-4,0,0,2,0,4,0
,1−4位,153,几帳面さが必要,,Yes,-3,2,3,0,-3,0,3,3,0,3,-3,0,0,2,2,-2,2,0,3,0,3,-2,0,-3,2,4,0,0,2,3,3,0,0,0,-3,0,0,4,-3,3,3,0,0
,,,,,,,,,,,,,,,,,,,,,,,,,,,,,,,,,,,,,,,,,,,,,,,,
127,1−4位,146,忠誠心が必要,,Yes,-2,2,0,-2,-2,0,1,-2,-2,0,-2,0,0,0,0,0,-3,2,0,0,2,2,-2,-3,4,3,3,-3,0,3,4,-4,-3,4,0,1,-3,4,0,2,4,2,-2
,1−4位,147,会話が重要,,Yes,0,-2,0,2,3,2,0,0,1,0,0,2,3,-2,0,0,-2,2,0,0,-2,4,-3,2,0,0,4,3,0,-4,3,3,3,3,3,3,-2,-2,3,-3,-2,3,0
,1−4位,148,営業力が必要,,Yes,0,-2,0,3,4,0,3,0,0,0,3,0,3,-3,0,0,0,0,0,0,2,0,0,3,-3,0,0,3,-4,0,0,4,5,0,3,0,0,0,4,-3,0,2,-2
,1−4位,149,社交性が重要,,Yes,0,-2,0,0,2,3,0,0,1,0,0,3,4,-1,0,0,0,2,0,0,-3,4,-3,2,0,0,5,3,-3,-4,0,4,3,3,3,2,-3,-3,5,-4,0,3,-2
,,,,,,,,,,,,,,,,,,,,,,,,,,,,,,,,,,,,,,,,,,,,,,,,
128,1−4位,152,責任感の強さが必要,,Yes,-2,3,2,0,0,-2,4,3,2,2,0,-3,0,0,0,0,0,0,0,0,4,-3,0,-2,2,5,0,0,-3,3,4,0,3,3,-2,0,3,2,0,2,3,0,0
,1−4位,154,こだわりの強さが必要,,Yes,2,4,2,0,0,-2,2,4,3,2,2,0,0,0,0,0,0,0,0,2,3,-2,-2,2,0,4,-3,-3,5,4,0,0,3,0,0,0,0,4,-3,3,0,0,3
,1−4位,155,ルールや規制に従うことが必要,,Yes,-4,-3,-2,-2,-3,-3,2,0,-2,2,-3,2,-1,1,0,0,0,0,3,-3,4,2,-2,-4,5,4,0,-3,-4,0,5,-4,-5,4,-5,0,-3,4,-2,3,3,0,-3
,1−4位,157,人間関係を円滑にする能力が必要,,Yes,0,-2,4,0,1,1,-3,0,-3,0,-3,4,3,0,0,0,-3,3,0,0,-4,5,-3,2,2,-4,5,0,-2,-4,0,3,-4,5,-3,4,-4,0,3,-3,0,5,0
,,,,,,,,,,,,,,,,,,,,,,,,,,,,,,,,,,                                                                                                                                                                            ,,,,,,,,,,,,,,
,,,,,,66,63,93,92,107,75,135,116,99,128,90,109,60,60,36,36,66,66,79,79,63,25,70,21,60,110,105,110,106,109,112,112,107,102,81,66,86,77,29,17,33,16,29