大分類,中分類,小分類,細分類,職業コード,職業
A 管理的職業
,01 管理的公務員,,,01,管理的公務員
,,011 管理的公務員,,011,管理的公務員
,,,011-01 議会議員,011-01,議会議員
,,,011-02 管理的国家公務員,011-02,管理的国家公務員
,,,011-03 管理的地方公務員,011-03,管理的地方公務員
,02 法人・団体の役員,,,02,法人・団体の役員
,,021 会社役員,,021,会社役員
,,,021-01 会社役員,021-01,会社役員
,,029 その他の法人・団体の役員,,029,その他の法人・団体の役員
,,,029-01 独立行政法人等の役員,029-01,独立行政法人等の役員
,,,029-99 他に分類されない法人・団体の役員,029-99,他に分類されない法人・団体の役員
,03 法人・団体の管理職員,,,03,法人・団体の管理職員
,,031 会社の管理職員,,031,会社の管理職員
,,,031-01 会社の管理職員,031-01,会社の管理職員
,,039 その他の法人・団体の管理職員,,039,その他の法人・団体の管理職員
,,,039-01 独立行政法人等の管理職員,039-01,独立行政法人等の管理職員
,,,039-02 福祉施設管理者,039-02,福祉施設管理者
,,,039-99 他に分類されない法人・団体の管理職員,039-99,他に分類されない法人・団体の管理職員
,04 その他の管理的職業,,,04,その他の管理的職業
,,049 その他の管理的職業,,049,その他の管理的職業
,,,049-99 その他の管理的職業,049-99,その他の管理的職業
大分類,中分類,小分類,細分類,職業コード,職業
B 専門的・技術的職業
,05 研究者,,,05,研究者
,,051 研究者,,051,研究者
,,,051-01 理学研究者,051-01,理学研究者
,,,051-02 工学研究者,051-02,工学研究者
,,,051-03 農学・林学・水産学研究者,051-03,農学・林学・水産学研究者
,,,051-04 医学研究者,051-04,医学研究者
,,,051-05 人文科学研究者,051-05,人文科学研究者
,,,051-06 社会科学研究者,051-06,社会科学研究者
,,,051-99 他に分類されない研究者,051-99,他に分類されない研究者
,06 農林水産技術者,,,06,農林水産技術者
,,061 農林水産技術者,,061,農林水産技術者
,,,061-01 農業技術者,061-01,農業技術者
,,,061-02 畜産技術者,061-02,畜産技術者
,,,061-03 林業技術者,061-03,林業技術者
,,,061-04 水産技術者,061-04,水産技術者
,07 開発技術者,,,07,開発技術者
,,071 食品開発技術者,,071,食品開発技術者
,,,071-01 食品開発技術者,071-01,食品開発技術者
,,072 電気・電子・電気通信開発技術者（通信ネットワークを除く）,,072,電気・電子・電気通信開発技術者（通信ネットワークを除く）
,,,072-01 電気・電子・電気通信設計技術者,072-01,電気・電子・電気通信設計技術者
,,,072-99 他に分類されない電気・電子・電気通信開発技術者（通信ネットワークを除く）,072-99,他に分類されない電気・電子・電気通信開発技術者（通信ネットワークを除く）
,,073 機械開発技術者,,073,機械開発技術者
,,,073-01 機械設計技術者,073-01,機械設計技術者
,,,073-99 他に分類されない機械開発技術者,073-99,他に分類されない機械開発技術者
,,074 自動車開発技術者,,074,自動車開発技術者
,,,074-01 自動車設計技術者,074-01,自動車設計技術者
,,,074-99 他に分類されない自動車開発技術者,074-99,他に分類されない自動車開発技術者
,,075 輸送用機器開発技術者（自動車を除く）,,075,輸送用機器開発技術者（自動車を除く）
,,,075-01 輸送用機器開発技術者（自動車を除く）,075-01,輸送用機器開発技術者（自動車を除く）
,,076 金属製錬・材料開発技術者,,076,金属製錬・材料開発技術者
,,,076-01 金属製錬・材料開発技術者,076-01,金属製錬・材料開発技術者
,,077 化学品開発技術者,,077,化学品開発技術者
,,,077-01 化学品開発技術者,077-01,化学品開発技術者
,,079 その他の開発技術者,,079,その他の開発技術者
,,,079-01 窯業製品開発技術者,079-01,窯業製品開発技術者
,,,079-99 他に分類されない開発技術者,079-99,他に分類されない開発技術者
,08 製造技術者,,,08,製造技術者
,,081 食品製造技術者,,081,食品製造技術者
,,,081-01 食品製造技術者,081-01,食品製造技術者
,,082 電気・電子・電気通信製造技術者（通信ネットワークを除く）,,082,電気・電子・電気通信製造技術者（通信ネットワークを除く）
,,,082-01 電気・電子・電気通信機器生産技術者,082-01,電気・電子・電気通信機器生産技術者
,,,082-02 電気工事技術者,082-02,電気工事技術者
,,,082-99 他に分類されない電気・電子・電気通信製造技術者（通信ネットワークを除く）,082-99,他に分類されない電気・電子・電気通信製造技術者（通信ネットワークを除く）
,,083 機械製造技術者,,083,機械製造技術者
,,,083-01 機械生産技術者,083-01,機械生産技術者
,,,083-99 他に分類されない機械製造技術者,083-99,他に分類されない機械製造技術者
,,084 自動車製造技術者,,084,自動車製造技術者
,,,084-01 自動車生産技術者,084-01,自動車生産技術者
,,,084-99 他に分類されない自動車製造技術者,084-99,他に分類されない自動車製造技術者
,,085 輸送用機器製造技術者（自動車を除く）,,085,輸送用機器製造技術者（自動車を除く）
,,,085-01 輸送用機器製造技術者（自動車を除く）,085-01,輸送用機器製造技術者（自動車を除く）
,,086 金属製錬・材料製造技術者,,086,金属製錬・材料製造技術者
,,,086-01 金属製錬・材料製造技術者,086-01,金属製錬・材料製造技術者
,,087 化学品製造技術者,,087,化学品製造技術者
,,,087-01 化学品生産技術者,087-01,化学品生産技術者
,,,087-02 分析化学技術者,087-02,分析化学技術者
,,,087-99 他に分類されない化学品製造技術者,087-99,他に分類されない化学品製造技術者
,,089 その他の製造技術者,,089,その他の製造技術者
,,,089-01 窯業製品製造技術者,089-01,窯業製品製造技術者
,,,089-99 他に分類されない製造技術者,089-99,他に分類されない製造技術者
,09 建築・土木・測量技術者,,,09,建築・土木・測量技術者
,,091 建築技術者,,091,建築技術者
,,,091-01 建築設計技術者,091-01,建築設計技術者
,,,091-02 建築工事監督,091-02,建築工事監督
,,,091-99 他に分類されない建築技術者,091-99,他に分類されない建築技術者
,,092 土木技術者,,092,土木技術者
,,,092-01 土木設計技術者,092-01,土木設計技術者
,,,092-02 土木工事監督,092-02,土木工事監督
,,,092-99 他に分類されない土木技術者,092-99,他に分類されない土木技術者
,,093 測量技術者,,093,測量技術者
,,,093-01 測量士,093-01,測量士
,,,093-98 測量士補,093-98,測量士補
,10 情報処理・通信技術者,,,10,情報処理・通信技術者
,,101 システムコンサルタント,,101,システムコンサルタント
,,,101-01 システムコンサルタント,101-01,システムコンサルタント
,,102 システム設計技術者,,102,システム設計技術者
,,,102-01 システム設計技術者,102-01,システム設計技術者
,,103 情報処理プロジェクトマネージャ,,103,情報処理プロジェクトマネージャ
,,,103-01 情報処理プロジェクトマネージャ,103-01,情報処理プロジェクトマネージャ
,,104 ソフトウェア開発技術者,,104,ソフトウェア開発技術者
,,,104-01 ソフトウェア開発技術者（WEB・オープン系）,104-01,ソフトウェア開発技術者（WEB・オープン系）
,,,104-02 ソフトウェア開発技術者（組込・制御系）,104-02,ソフトウェア開発技術者（組込・制御系）
,,,104-03 ソフトウェア開発技術者（汎用機系）,104-03,ソフトウェア開発技術者（汎用機系）
,,,104-04 プログラマー,104-04,プログラマー
,,,104-99 他に分類されないソフトウェア開発技術者,104-99,他に分類されないソフトウェア開発技術者
,,105 システム運用管理者,,105,システム運用管理者
,,,105-01 システム運用管理者,105-01,システム運用管理者
,,106 通信ネットワーク技術者,,106,通信ネットワーク技術者
,,,106-01 通信ネットワーク技術者,106-01,通信ネットワーク技術者
,,109 その他の情報処理・通信技術者,,109,その他の情報処理・通信技術者
,,,109-99 その他の情報処理・通信技術者,109-99,その他の情報処理・通信技術者
,11 その他の技術者,,,11,その他の技術者
,,119 その他の技術者,,119,その他の技術者
,,,119-01 労働安全衛生技術者,119-01,労働安全衛生技術者
,,,119-02 環境衛生技術者,119-02,環境衛生技術者
,,,119-99 他に分類されない技術者,119-99,他に分類されない技術者
,12 医師、歯科医師、獣医師、薬剤師,,,12,医師、歯科医師、獣医師、薬剤師
,,121 医師,,121,医師
,,,121-01 医師,121-01,医師
,,122 歯科医師,,122,歯科医師
,,,122-01 歯科医師,122-01,歯科医師
,,123 獣医師,,123,獣医師
,,,123-01 獣医師,123-01,獣医師
,,124 薬剤師,,124,薬剤師
,,,124-01 薬剤師（調剤）,124-01,薬剤師（調剤）
,,,124-02 薬剤師（医薬品販売）,124-02,薬剤師（医薬品販売）
,,,124-99 他に分類されない薬剤師,124-99,他に分類されない薬剤師
,13 保健師、助産師、看護師,,,13,保健師、助産師、看護師
,,131 保健師,,131,保健師
,,,131-01 保健師,131-01,保健師
,,132 助産師,,132,助産師
,,,132-01 助産師,132-01,助産師
,,133 看護師、准看護師,,133,看護師、准看護師
,,,133-01 看護師,133-01,看護師
,,,133-02 准看護師,133-02,准看護師
,14 医療技術者,,,14,医療技術者
,,141 診療放射線技師,,141,診療放射線技師
,,,141-01 診療放射線技師,141-01,診療放射線技師
,,142 臨床工学技士,,142,臨床工学技士
,,,142-01 臨床工学技士,142-01,臨床工学技士
,,143 臨床検査技師,,143,臨床検査技師
,,,143-01 臨床検査技師,143-01,臨床検査技師
,,144 理学療法士,,144,理学療法士
,,,144-01 理学療法士,144-01,理学療法士
,,145 作業療法士,,145,作業療法士
,,,145-01 作業療法士,145-01,作業療法士
,,146 視能訓練士、言語聴覚士,,146,視能訓練士、言語聴覚士
,,,146-01 視能訓練士,146-01,視能訓練士
,,,146-02 言語聴覚士,146-02,言語聴覚士
,,147 歯科衛生士,,147,歯科衛生士
,,,147-01 歯科衛生士,147-01,歯科衛生士
,,148 歯科技工士,,148,歯科技工士
,,,148-01 歯科技工士,148-01,歯科技工士
,15 その他の保健医療の職業,,,15,その他の保健医療の職業
,,151 栄養士、管理栄養士,,151,栄養士、管理栄養士
,,,151-01 栄養士,151-01,栄養士
,,,151-02 管理栄養士,151-02,管理栄養士
,,152 あん摩マッサージ指圧師、はり師、きゅう師,,152,あん摩マッサージ指圧師、はり師、きゅう師
,,,152-01 あん摩マッサージ指圧師,152-01,あん摩マッサージ指圧師
,,,152-02 はり師,152-02,はり師
,,,152-03 きゅう師,152-03,きゅう師
,,153 柔道整復師,,153,柔道整復師
,,,153-01 柔道整復師,153-01,柔道整復師
,,159 他に分類されない保健医療の職業,,159,他に分類されない保健医療の職業
,,,159-01 義肢装具士,159-01,義肢装具士
,,,159-99 他に分類されないその他の保健医療の職業,159-99,他に分類されないその他の保健医療の職業
,16 社会福祉の専門的職業,,,16,社会福祉の専門的職業
,,161 福祉相談・指導専門員,,161,福祉相談・指導専門員
,,,161-01 福祉相談員,161-01,福祉相談員
,,,161-99 他に分類されない福祉相談・指導専門員,161-99,他に分類されない福祉相談・指導専門員
,,162 福祉施設指導専門員,,162,福祉施設指導専門員
,,,162-01 老人福祉施設指導専門員,162-01,老人福祉施設指導専門員
,,,162-02 障害者福祉施設指導専門員,162-02,障害者福祉施設指導専門員
,,,162-03 児童福祉施設指導専門員,162-03,児童福祉施設指導専門員
,,163 保育士,,163,保育士
,,,163-01 保育士,163-01,保育士
,,169 その他の社会福祉の専門的職業,,169,その他の社会福祉の専門的職業
,,,169-01 介護支援専門員,169-01,介護支援専門員
,,,169-02 医療ソーシャルワーカー,169-02,医療ソーシャルワーカー
,,,169-99 他に分類されない社会福祉の専門的職業,169-99,他に分類されない社会福祉の専門的職業
,17 法務の職業,,,17,法務の職業
,,171 裁判官,,171,裁判官
,,,171-01 裁判官,171-01,裁判官
,,172 検察官,,172,検察官
,,,172-01 検察官,172-01,検察官
,,173 弁護士,,173,弁護士
,,,173-01 弁護士,173-01,弁護士
,,174 弁理士,,174,弁理士
,,,174-01 弁理士,174-01,弁理士
,,175 司法書士,,175,司法書士
,,,175-01 司法書士,175-01,司法書士
,,179 その他の法務の職業,,179,その他の法務の職業
,,,179-01 土地家屋調査士,179-01,土地家屋調査士
,,,179-99 他に分類されない法務の職業,179-99,他に分類されない法務の職業
,18 経営・金融・保険の専門的職業,,,18,経営・金融・保険の専門的職業
,,181 公認会計士,,181,公認会計士
,,,181-01 公認会計士,181-01,公認会計士
,,182 税理士,,182,税理士
,,,182-01 税理士,182-01,税理士
,,183 社会保険労務士,,183,社会保険労務士
,,,183-01 社会保険労務士,183-01,社会保険労務士
,,184 金融・保険専門職,,184,金融・保険専門職
,,,184-01 金融・保険専門職,184-01,金融・保険専門職
,,189 その他の経営・金融・保険の専門的職業,,189,その他の経営・金融・保険の専門的職業
,,,189-01 経営コンサルタント,189-01,経営コンサルタント
,,,189-99 他に分類されない経営・金融・保険の専門的職業,189-99,他に分類されない経営・金融・保険の専門的職業
,19 教育の職業,,,19,教育の職業
,,191 幼稚園教員,,191,幼稚園教員
,,,191-01 幼稚園教員,191-01,幼稚園教員
,,192 小学校教員,,192,小学校教員
,,,192-01 小学校教員,192-01,小学校教員
,,193 中学校教員,,193,中学校教員
,,,193-01 中学校教員,193-01,中学校教員
,,194 高等学校教員,,194,高等学校教員
,,,194-01 高等学校教員,194-01,高等学校教員
,,195 中等教育学校教員,,195,中等教育学校教員
,,,195-01 中等教育学校教員,195-01,中等教育学校教員
,,196 特別支援学校教員,,196,特別支援学校教員
,,,196-01 特別支援学校教員,196-01,特別支援学校教員
,,197 高等専門学校教員,,197,高等専門学校教員
,,,197-01 高等専門学校教員,197-01,高等専門学校教員
,,198 大学教員,,198,大学教員
,,,198-01 大学教員,198-01,大学教員
,,199 その他の教育の職業,,199,その他の教育の職業
,,,199-01 専修学校教員,199-01,専修学校教員
,,,199-02 各種学校教員,199-02,各種学校教員
,,,199-03 職業訓練指導員,199-03,職業訓練指導員
,,,199-04 研修施設教員,199-04,研修施設教員
,,,199-99 他に分類されない教育の職業,199-99,他に分類されない教育の職業
,20 宗教家,,,20,宗教家
,,201 宗教家,,201,宗教家
,,,201-01 宗教家,201-01,宗教家
,21 著述家、記者、編集者,,,21,著述家、記者、編集者
,,211 著述家,,211,著述家
,,,211-01 文芸家,211-01,文芸家
,,,211-02 翻訳家,211-02,翻訳家
,,,211-03 コピーライター,211-03,コピーライター
,,,211-99 他に分類されない著述家,211-99,他に分類されない著述家
,,212 記者,,212,記者
,,,212-01 新聞・放送記者,212-01,新聞・放送記者
,,,212-02 雑誌記者,212-02,雑誌記者
,,,212-03 テクニカルライター,212-03,テクニカルライター
,,,212-99 他に分類されない記者,212-99,他に分類されない記者
,,213 編集者,,213,編集者
,,,213-01 新聞・雑誌・図書編集者,213-01,新聞・雑誌・図書編集者
,,,213-99 他に分類されない編集者,213-99,他に分類されない編集者
,22 美術家、デザイナー、写真家、映像撮影者,,,22,美術家、デザイナー、写真家、映像撮影者
,,221 彫刻家,,221,彫刻家
,,,221-01 彫刻家,221-01,彫刻家
,,222 画家、書家、漫画家,,222,画家、書家、漫画家
,,,222-01 画家、書家,222-01,画家、書家
,,,222-02 漫画家、イラストレーター,222-02,漫画家、イラストレーター
,,223 工芸美術家,,223,工芸美術家
,,,223-01 工芸美術家,223-01,工芸美術家
,,224 デザイナー,,224,デザイナー
,,,224-01 グラフィックデザイナー,224-01,グラフィックデザイナー
,,,224-02 ウェブデザイナー,224-02,ウェブデザイナー
,,,224-03 ディスプレーデザイナー,224-03,ディスプレーデザイナー
,,,224-04 工業デザイナー,224-04,工業デザイナー
,,,224-05 インテリアデザイナー,224-05,インテリアデザイナー
,,,224-06 服飾デザイナー,224-06,服飾デザイナー
,,,224-99 他に分類されないデザイナー,224-99,他に分類されないデザイナー
,,225 写真家、映像撮影者,,225,写真家、映像撮影者
,,,225-01 写真家,225-01,写真家
,,,225-02 映像撮影者,225-02,映像撮影者
,,,225-98 写真家助手、映像撮影者助手,225-98,写真家助手、映像撮影者助手
,23 音楽家、舞台芸術家,,,23,音楽家、舞台芸術家
,,231 音楽家,,231,音楽家
,,,231-01 音楽家,231-01,音楽家
,,232 舞踊家,,232,舞踊家
,,,232-01 舞踊家,232-01,舞踊家
,,233 俳優,,233,俳優
,,,233-01 俳優,233-01,俳優
,,234 プロデューサー、演出家,,234,プロデューサー、演出家
,,,234-01 プロデューサー,234-01,プロデューサー
,,,234-02 演出家,234-02,演出家
,,235 演芸家,,235,演芸家
,,,235-01 演芸家,235-01,演芸家
,24 その他の専門的職業,,,24,その他の専門的職業
,,241 図書館司書,,241,図書館司書
,,,241-01 図書館司書,241-01,図書館司書
,,242 学芸員,,242,学芸員
,,,242-01 学芸員,242-01,学芸員
,,243 カウンセラー（医療・福祉施設を除く）,,243,カウンセラー（医療・福祉施設を除く）
,,,243-01 学生カウンセラー,243-01,学生カウンセラー
,,,243-02 職場カウンセラー,243-02,職場カウンセラー
,,,243-03 職業相談員,243-03,職業相談員
,,,243-99 他に分類されないカウンセラー（医療・福祉施設を除く）,243-99,他に分類されないカウンセラー（医療・福祉施設を除く）
,,244 個人教師,,244,個人教師
,,,244-01 教科学習補習教師,244-01,教科学習補習教師
,,,244-02 パーソナルコンピュータ教室教師,244-02,パーソナルコンピュータ教室教師
,,,244-03 スポーツ個人教師,244-03,スポーツ個人教師
,,,244-99 他に分類されない個人教師,244-99,他に分類されない個人教師
,,245 職業スポーツ家,,245,職業スポーツ家
,,,245-01 職業スポーツ家,245-01,職業スポーツ家
,,246 通信機器操作員,,246,通信機器操作員
,,,246-01 無線通信員,246-01,無線通信員
,,,246-02 無線技術員,246-02,無線技術員
,,,246-03 有線通信員,246-03,有線通信員
,,,246-99 他に分類されない通信機器操作員,246-99,他に分類されない通信機器操作員
,,249 他に分類されない専門的職業,,249,他に分類されない専門的職業
,,,249-01 行政書士,249-01,行政書士
,,,249-02 不動産鑑定士,249-02,不動産鑑定士
,,,249-03 ラジオ・テレビアナウンサー,249-03,ラジオ・テレビアナウンサー
,,,249-04 通訳,249-04,通訳
,,,249-05 速記者,249-05,速記者
,,,249-06 調律師,249-06,調律師
,,,249-07 調教師,249-07,調教師
,,,249-08 通関士,249-08,通関士
,,,249-99 他に分類されないその他の専門的職業,249-99,他に分類されないその他の専門的職業
大分類,中分類,小分類,細分類,職業コード,職業
C 事務的職業
,25 一般事務の職業,,,25,一般事務の職業
,,251 総務事務員,,251,総務事務員
,,,251-01 総務事務員,251-01,総務事務員
,,252 人事事務員,,252,人事事務員
,,,252-01 人事係事務員,252-01,人事係事務員
,,,252-02 教育・研修係事務員,252-02,教育・研修係事務員
,,253 企画・調査事務員,,253,企画・調査事務員
,,,253-01 企画係事務員（商品企画を除く）,253-01,企画係事務員（商品企画を除く）
,,,253-02 商品企画事務員,253-02,商品企画事務員
,,,253-03 調査事務員,253-03,調査事務員
,,254 受付・案内事務員,,254,受付・案内事務員
,,,254-01 会社・団体受付係,254-01,会社・団体受付係
,,,254-99 他に分類されない受付・案内事務員,254-99,他に分類されない受付・案内事務員
,,255 秘書,,255,秘書
,,,255-01 秘書,255-01,秘書
,,256 電話応接事務員,,256,電話応接事務員
,,,256-01 電話交換手,256-01,電話交換手
,,,256-02 コールセンターオペレーター,256-02,コールセンターオペレーター
,,,256-03 テレフォンアポインター,256-03,テレフォンアポインター
,,,256-99 他に分類されない電話応接事務員,256-99,他に分類されない電話応接事務員
,,257 総合事務員,,257,総合事務員
,,,257-01 総合事務員,257-01,総合事務員
,,,257-97 事務補助員,257-97,事務補助員
,,258 医療・介護事務員,,258,医療・介護事務員
,,,258-01 医療事務員,258-01,医療事務員
,,,258-02 介護事務員,258-02,介護事務員
,,259 その他の一般事務の職業,,259,その他の一般事務の職業
,,,259-01 通信販売受付事務員（電話を除く）,259-01,通信販売受付事務員（電話を除く）
,,,259-02 診療情報管理係事務員,259-02,診療情報管理係事務員
,,,259-99 他に分類されない一般事務の職業,259-99,他に分類されない一般事務の職業
,26 会計事務の職業,,,26,会計事務の職業
,,261 現金出納事務員,,261,現金出納事務員
,,,261-01 現金出納事務員,261-01,現金出納事務員
,,262 銀行等窓口事務員,,262,銀行等窓口事務員
,,,262-01 銀行等窓口事務員,262-01,銀行等窓口事務員
,,263 経理事務員,,263,経理事務員
,,,263-01 経理事務員,263-01,経理事務員
,,269 その他の会計事務の職業,,269,その他の会計事務の職業
,,,269-01 予算係事務員,269-01,予算係事務員
,,,269-02 用度係事務員,269-02,用度係事務員
,,,269-03 原価計算・見積事務員,269-03,原価計算・見積事務員
,,,269-99 他に分類されない会計事務の職業,269-99,他に分類されない会計事務の職業
,27 生産関連事務の職業,,,27,生産関連事務の職業
,,271 生産現場事務員,,271,生産現場事務員
,,,271-01 生産・工程管理事務員,271-01,生産・工程管理事務員
,,,271-99 他に分類されない生産現場事務員,271-99,他に分類されない生産現場事務員
,,272 出荷・受荷係事務員,,272,出荷・受荷係事務員
,,,272-01 クリーニング等受入係員,272-01,クリーニング等受入係員
,,,272-02 検収・検品係員,272-02,検収・検品係員
,,,272-03 保管・管理係員,272-03,保管・管理係員
,,,272-04 出荷・発送係員,272-04,出荷・発送係員
,28 営業・販売関連事務の職業,,,28,営業・販売関連事務の職業
,,281 営業・販売事務員,,281,営業・販売事務員
,,,281-01 仕入係事務員,281-01,仕入係事務員
,,,281-02 販売係事務員,281-02,販売係事務員
,,,281-03 営業事務員,281-03,営業事務員
,,,281-04 貿易事務員,281-04,貿易事務員
,,,281-05 金融・保険事務員,281-05,金融・保険事務員
,,289 その他の営業・販売関連事務の職業,,289,その他の営業・販売関連事務の職業
,,,289-99 その他の営業・販売関連事務の職業,289-99,その他の営業・販売関連事務の職業
,29 外勤事務の職業,,,29,外勤事務の職業
,,291 集金人,,291,集金人
,,,291-01 集金人,291-01,集金人
,,292 訪問調査員,,292,訪問調査員
,,,292-01 訪問調査員,292-01,訪問調査員
,,299 その他の外勤事務の職業,,299,その他の外勤事務の職業
,,,299-01 検針員,299-01,検針員
,,,299-99 他に分類されない外勤事務の職業,299-99,他に分類されない外勤事務の職業
,30 運輸・郵便事務の職業,,,30,運輸・郵便事務の職業
,,301 旅客・貨物係事務員,,301,旅客・貨物係事務員
,,,301-01 運輸出改札・旅客係,301-01,運輸出改札・旅客係
,,,301-02 有料道路料金収受員,301-02,有料道路料金収受員
,,,301-03 貨物受付事務員,301-03,貨物受付事務員
,,302 運行管理事務員,,302,運行管理事務員
,,,302-01 鉄道運行管理事務員,302-01,鉄道運行管理事務員
,,,302-02 貨物自動車運行管理事務員,302-02,貨物自動車運行管理事務員
,,,302-03 旅客自動車運行管理事務員,302-03,旅客自動車運行管理事務員
,,,302-04 船舶運航管理事務員,302-04,船舶運航管理事務員
,,,302-05 航空運航管理事務員,302-05,航空運航管理事務員
,,303 郵便事務員,,303,郵便事務員
,,,303-01 郵便窓口事務員,303-01,郵便窓口事務員
,,,303-02 郵便内務事務員,303-02,郵便内務事務員
,31 事務用機器操作の職業,,,31,事務用機器操作の職業
,,311 パーソナルコンピュータ操作員,,311,パーソナルコンピュータ操作員
,,,311-01 パーソナルコンピュータ操作員,311-01,パーソナルコンピュータ操作員
,,312 データ入力係員,,312,データ入力係員
,,,312-01 データ入力係員,312-01,データ入力係員
,,313 コンピュータ操作員（パーソナルコンピュータを除く）,,313,コンピュータ操作員（パーソナルコンピュータを除く）
,,,313-01 コンピュータ操作員（パーソナルコンピュータを除く）,313-01,コンピュータ操作員（パーソナルコンピュータを除く）
,,319 その他の事務用機器操作の職業,,319,その他の事務用機器操作の職業
,,,319-99 その他の事務用機器操作の職業,319-99,その他の事務用機器操作の職業
大分類,中分類,小分類,細分類,職業コード,職業
D 販売の職業
,32 商品販売の職業,,,32,商品販売の職業
,,321 小売店主・店長,,321,小売店主・店長
,,,321-01 コンビニエンスストア店長,321-01,コンビニエンスストア店長
,,,321-02 ガソリンスタンド支配人,321-02,ガソリンスタンド支配人
,,,321-99 他に分類されない小売店主・店長,321-99,他に分類されない小売店主・店長
,,322 卸売店主・店長,,322,卸売店主・店長
,,,322-01 卸売店主・店長,322-01,卸売店主・店長
,,323 小売店販売員,,323,小売店販売員
,,,323-01 レジ係,323-01,レジ係
,,,323-02 百貨店・スーパーマーケット販売店員,323-02,百貨店・スーパーマーケット販売店員
,,,323-03 コンビニエンスストア店員,323-03,コンビニエンスストア店員
,,,323-04 衣服・身の回り品販売店員,323-04,衣服・身の回り品販売店員
,,,323-05 飲食料品販売店員,323-05,飲食料品販売店員
,,,323-06 自動車販売店員,323-06,自動車販売店員
,,,323-07 電気機器販売店員,323-07,電気機器販売店員
,,,323-08 医薬品・化粧品販売店員,323-08,医薬品・化粧品販売店員
,,,323-09 ガソリンスタンド販売員,323-09,ガソリンスタンド販売員
,,,323-99 他に分類されない小売店販売員,323-99,他に分類されない小売店販売員
,,324 卸売・商品実演販売員,,324,卸売・商品実演販売員
,,,324-01 卸売販売員,324-01,卸売販売員
,,,324-02 商品実演販売員,324-02,商品実演販売員
,,325 商品訪問・移動販売員,,325,商品訪問・移動販売員
,,,325-01 商品訪問販売員,325-01,商品訪問販売員
,,,325-02 移動販売員,325-02,移動販売員
,,,325-03 露店販売員,325-03,露店販売員
,,326 再生資源回収・卸売人,,326,再生資源回収・卸売人
,,,326-01 再生資源回収・卸売人,326-01,再生資源回収・卸売人
,,327 商品仕入営業員,,327,商品仕入営業員
,,,327-01 商品仕入営業員,327-01,商品仕入営業員
,33 販売類似の職業,,,33,販売類似の職業
,,331 不動産仲介・売買人,,331,不動産仲介・売買人
,,,331-01 不動産仲介・売買人,331-01,不動産仲介・売買人
,,332 保険代理人、保険仲立人,,332,保険代理人、保険仲立人
,,,332-01 保険代理人,332-01,保険代理人
,,,332-02 保険仲立人,332-02,保険仲立人
,,333 有価証券売買・仲立人、金融仲立人,,333,有価証券売買・仲立人、金融仲立人
,,,333-01 有価証券売買・仲立人,333-01,有価証券売買・仲立人
,,,333-02 金融仲立人,333-02,金融仲立人
,,334 質屋店主・店員,,334,質屋店主・店員
,,,334-01 質屋店主・店員,334-01,質屋店主・店員
,,339 その他の販売類似の職業,,339,その他の販売類似の職業
,,,339-01 商品仲立人,339-01,商品仲立人
,,,339-02 宝くじ等販売人,339-02,宝くじ等販売人
,,,339-03 競売人,339-03,競売人
,,,339-99 他に分類されない販売類似の職業,339-99,他に分類されない販売類似の職業
,34 営業の職業,,,34,営業の職業
,,341 飲食料品販売営業員,,341,飲食料品販売営業員
,,,341-01 飲食料品販売営業員,341-01,飲食料品販売営業員
,,342 化学品販売営業員（医薬品を除く）,,342,化学品販売営業員（医薬品を除く）
,,,342-01 化学品販売営業員（医薬品を除く）,342-01,化学品販売営業員（医薬品を除く）
,,343 医薬品営業員,,343,医薬品営業員
,,,343-01 医薬品営業員,343-01,医薬品営業員
,,344 機械器具販売営業員,,344,機械器具販売営業員
,,,344-01 一般機械器具販売営業員,344-01,一般機械器具販売営業員
,,,344-02 電気機械器具販売営業員,344-02,電気機械器具販売営業員
,,,344-03 自動車販売営業員,344-03,自動車販売営業員
,,,344-99 他に分類されない機械器具販売営業員,344-99,他に分類されない機械器具販売営業員
,,345 通信・情報システム営業員,,345,通信・情報システム営業員
,,,345-01 通信営業員,345-01,通信営業員
,,,345-02 情報システム営業員,345-02,情報システム営業員
,,346 金融・保険営業員,,346,金融・保険営業員
,,,346-01 銀行等渉外係,346-01,銀行等渉外係
,,,346-02 証券営業員,346-02,証券営業員
,,,346-03 保険営業員,346-03,保険営業員
,,347 不動産営業員,,347,不動産営業員
,,,347-01 不動産営業員,347-01,不動産営業員
,,349 その他の営業の職業,,349,その他の営業の職業
,,,349-01 旅行営業員,349-01,旅行営業員
,,,349-02 広告営業員,349-02,広告営業員
,,,349-03 製造受注営業員,349-03,製造受注営業員
,,,349-04 会員勧誘員,349-04,会員勧誘員
,,,349-05 新聞拡張員,349-05,新聞拡張員
,,,349-99 他に分類されない営業の職業,349-99,他に分類されない営業の職業
大分類,中分類,小分類,細分類,職業コード,職業
E サービスの職業
,35 家庭生活支援サービスの職業,,,35,家庭生活支援サービスの職業
,,351 家政婦（夫）、家事手伝,,351,家政婦（夫）、家事手伝
,,,351-01 家政婦（夫）、家事手伝,351-01,家政婦（夫）、家事手伝
,,359 その他の家庭生活支援サービスの職業,,359,その他の家庭生活支援サービスの職業
,,,359-01 ベビーシッター,359-01,ベビーシッター
,,,359-99 他に分類されない家庭生活支援サービスの職業,359-99,他に分類されない家庭生活支援サービスの職業
,36 介護サービスの職業,,,36,介護サービスの職業
,,361 施設介護員,,361,施設介護員
,,,361-01 施設介護員,361-01,施設介護員
,,362 訪問介護職,,362,訪問介護職
,,,362-01 訪問介護員,362-01,訪問介護員
,,,362-02 訪問入浴介助員,362-02,訪問入浴介助員
,37 保健医療サービスの職業,,,37,保健医療サービスの職業
,,371 看護助手,,371,看護助手
,,,371-01 看護助手,371-01,看護助手
,,372 歯科助手,,372,歯科助手
,,,372-01 歯科助手,372-01,歯科助手
,,379 その他の保健医療サービスの職業,,379,その他の保健医療サービスの職業
,,,379-01 動物病院助手,379-01,動物病院助手
,,,379-99 他に分類されない保健医療サービスの職業,379-99,他に分類されない保健医療サービスの職業
,38 生活衛生サービスの職業,,,38,生活衛生サービスの職業
,,381 理容師,,381,理容師
,,,381-01 理容師,381-01,理容師
,,382 美容師,,382,美容師
,,,382-01 美容師,382-01,美容師
,,383 美容サービス職,,383,美容サービス職
,,,383-01 着付師,383-01,着付師
,,,383-02 エステティシャン,383-02,エステティシャン
,,,383-03 ネイリスト,383-03,ネイリスト
,,,383-99 他に分類されない美容サービス職,383-99,他に分類されない美容サービス職
,,384 浴場従事人,,384,浴場従事人
,,,384-01 浴場従事人,384-01,浴場従事人
,,385 クリーニング職,,385,クリーニング職
,,,385-01 クリーニング工,385-01,クリーニング工
,,,385-02 クリーニング仕上工,385-02,クリーニング仕上工
,,389 その他の生活衛生サービスの職業,,389,その他の生活衛生サービスの職業
,,,389-01 洗張職,389-01,洗張職
,,,389-97 理容師・美容師補助者,389-97,理容師・美容師補助者
,39 飲食物調理の職業,,,39,飲食物調理の職業
,,391 調理人,,391,調理人
,,,391-01 日本料理調理人,391-01,日本料理調理人
,,,391-02 すし職人,391-02,すし職人
,,,391-03 西洋料理調理人,391-03,西洋料理調理人
,,,391-04 中華料理調理人,391-04,中華料理調理人
,,,391-05 給食調理人,391-05,給食調理人
,,,391-97 調理補助者,391-97,調理補助者
,,,391-98 調理人見習,391-98,調理人見習
,,,391-99 他に分類されない調理人,391-99,他に分類されない調理人
,,392 バーテンダー,,392,バーテンダー
,,,392-01 バーテンダー,392-01,バーテンダー
,40 接客・給仕の職業,,,40,接客・給仕の職業
,,401 飲食店主・店長,,401,飲食店主・店長
,,,401-01 レストラン店長,401-01,レストラン店長
,,,401-99 他に分類されない飲食店主・店長,401-99,他に分類されない飲食店主・店長
,,402 旅館・ホテル支配人,,402,旅館・ホテル支配人
,,,402-01 旅館・ホテル支配人,402-01,旅館・ホテル支配人
,,403 飲食物給仕係,,403,飲食物給仕係
,,,403-01 配ぜん人,403-01,配ぜん人
,,,403-02 ウエイター・ウエイトレス（飲食店ホール係）,403-02,ウエイター・ウエイトレス（飲食店ホール係）
,,,403-03 ソムリエ,403-03,ソムリエ
,,404 旅館・ホテル・乗物接客員,,404,旅館・ホテル・乗物接客員
,,,404-01 旅館・ホテルフロント係,404-01,旅館・ホテルフロント係
,,,404-02 旅館・ホテル接客係,404-02,旅館・ホテル接客係
,,,404-03 旅館・ホテル客室係,404-03,旅館・ホテル客室係
,,,404-04 乗物客室係,404-04,乗物客室係
,,405 接客社交係、芸者、ダンサー,,405,接客社交係、芸者、ダンサー
,,,405-01 接客社交係,405-01,接客社交係
,,,405-02 芸者、ダンサー,405-02,芸者、ダンサー
,,406 娯楽場等接客員,,406,娯楽場等接客員
,,,406-01 娯楽場等支配人,406-01,娯楽場等支配人
,,,406-02 娯楽場等接客係,406-02,娯楽場等接客係
,,,406-03 娯楽場等遊戯施設係,406-03,娯楽場等遊戯施設係
,,,406-04 スポーツ施設係,406-04,スポーツ施設係
,,,406-05 キャディ,406-05,キャディ
,,409 その他の接客・給仕の職業,,409,その他の接客・給仕の職業
,,,409-99 その他の接客・給仕の職業,409-99,その他の接客・給仕の職業
,41 居住施設・ビル等の管理の職業,,,41,居住施設・ビル等の管理の職業
,,411 マンション・アパート・下宿管理人,,411,マンション・アパート・下宿管理人
,,,411-01 マンション・アパート・下宿管理人,411-01,マンション・アパート・下宿管理人
,,412 寄宿舎・寮管理人,,412,寄宿舎・寮管理人
,,,412-01 寄宿舎・寮管理人,412-01,寄宿舎・寮管理人
,,413 ビル管理人,,413,ビル管理人
,,,413-01 ビル管理人,413-01,ビル管理人
,,414 駐車場・駐輪場管理人,,414,駐車場・駐輪場管理人
,,,414-01 駐車場・駐輪場管理人,414-01,駐車場・駐輪場管理人
,,419 その他の居住施設・ビル等の管理の職業,,419,その他の居住施設・ビル等の管理の職業
,,,419-01 別荘管理人,419-01,別荘管理人
,,,419-99 他に分類されない居住施設・ビル等の管理の職業,419-99,他に分類されない居住施設・ビル等の管理の職業
,42 その他のサービスの職業,,,42,その他のサービスの職業
,,421 添乗員、観光案内人,,421,添乗員、観光案内人
,,,421-01 添乗員,421-01,添乗員
,,,421-02 観光案内人,421-02,観光案内人
,,422 物品一時預り人,,422,物品一時預り人
,,,422-01 物品一時預り人,422-01,物品一時預り人
,,423 物品賃貸人,,423,物品賃貸人
,,,423-01 物品賃貸人,423-01,物品賃貸人
,,424 広告宣伝人,,424,広告宣伝人
,,,424-01 広告宣伝員,424-01,広告宣伝員
,,,424-02 チラシ配布員,424-02,チラシ配布員
,,425 葬儀師、火葬係,,425,葬儀師、火葬係
,,,425-01 葬儀師,425-01,葬儀師
,,,425-02 火葬係,425-02,火葬係
,,426 トリマー,,426,トリマー
,,,426-01 トリマー,426-01,トリマー
,,429 他に分類されないサービスの職業,,429,他に分類されないサービスの職業
,,,429-01 ポーター,429-01,ポーター
,,,429-02 学童保育指導員,429-02,学童保育指導員
,,,429-03 カイロプラクティック・アロマセラピー等従事人,429-03,カイロプラクティック・アロマセラピー等従事人
,,,429-99 他に分類されないその他のサービスの職業,429-99,他に分類されないその他のサービスの職業
大分類,中分類,小分類,細分類,職業コード,職業
F 保安の職業
,43 自衛官,,,43,自衛官
,,431 自衛官,,431,自衛官
,,,431-01 自衛官,431-01,自衛官
,44 司法警察職員,,,44,司法警察職員
,,441 警察官,,441,警察官
,,,441-01 警察官,441-01,警察官
,,442 海上保安官,,442,海上保安官
,,,442-01 海上保安官,442-01,海上保安官
,,449 その他の司法警察職員,,449,その他の司法警察職員
,,,449-99 その他の司法警察職員,449-99,その他の司法警察職員
,45 その他の保安の職業,,,45,その他の保安の職業
,,451 看守,,451,看守
,,,451-01 看守,451-01,看守
,,452 消防員,,452,消防員
,,,452-01 消防員,452-01,消防員
,,453 警備員,,453,警備員
,,,453-01 施設警備員,453-01,施設警備員
,,,453-99 他に分類されない警備員,453-99,他に分類されない警備員
,,459 他に分類されない保安の職業,,459,他に分類されない保安の職業
,,,459-01 道路管理員,459-01,道路管理員
,,,459-02 道路交通誘導員,459-02,道路交通誘導員
,,,459-03 雑踏警備員,459-03,雑踏警備員
,,,459-04 プール・海水浴場監視員,459-04,プール・海水浴場監視員
,,,459-99 他に分類されないその他の保安の職業,459-99,他に分類されないその他の保安の職業
大分類,中分類,小分類,細分類,職業コード,職業
G 農林漁業の職業
,46 農業の職業,,,46,農業の職業
,,461 農耕作業員,,461,農耕作業員
,,,461-01 稲作・畑作作業員,461-01,稲作・畑作作業員
,,,461-02 園芸・工芸作物栽培作業員,461-02,園芸・工芸作物栽培作業員
,,,461-03 きのこ栽培作業員,461-03,きのこ栽培作業員
,,,461-04 ハウス野菜栽培作業員,461-04,ハウス野菜栽培作業員
,,,461-99 他に分類されない農耕作業員,461-99,他に分類されない農耕作業員
,,462 養畜作業員,,462,養畜作業員
,,,462-01 肉牛・乳牛飼育作業員,462-01,肉牛・乳牛飼育作業員
,,,462-02 養豚作業員,462-02,養豚作業員
,,,462-03 養鶏作業員,462-03,養鶏作業員
,,,462-04 動物飼育係,462-04,動物飼育係
,,,462-05 きゅう務員,462-05,きゅう務員
,,,462-06 養蚕作業員,462-06,養蚕作業員
,,,462-99 他に分類されない養畜作業員,462-99,他に分類されない養畜作業員
,,463 植木職、造園師,,463,植木職、造園師
,,,463-01 植木職,463-01,植木職
,,,463-02 造園師,463-02,造園師
,,,463-98 植木職見習、造園師見習,463-98,植木職見習、造園師見習
,,469 その他の農業の職業,,469,その他の農業の職業
,,,469-99 その他の農業の職業,469-99,その他の農業の職業
,47 林業の職業,,,47,林業の職業
,,471 育林作業員,,471,育林作業員
,,,471-01 地ごしらえ・植林作業員,471-01,地ごしらえ・植林作業員
,,,471-02 下刈・枝打作業員,471-02,下刈・枝打作業員
,,,471-99 他に分類されない育林作業員,471-99,他に分類されない育林作業員
,,472 伐木・造材・集材作業員,,472,伐木・造材・集材作業員
,,,472-01 伐木・造材・集材作業員,472-01,伐木・造材・集材作業員
,,479 その他の林業の職業,,479,その他の林業の職業
,,,479-01 山菜・うるし等採取作業員,479-01,山菜・うるし等採取作業員
,,,479-02 山林監視員,479-02,山林監視員
,,,479-03 製炭・製薪作業員,479-03,製炭・製薪作業員
,,,479-99 他に分類されない林業の職業,479-99,他に分類されない林業の職業
,48 漁業の職業,,,48,漁業の職業
,,481 漁労作業員,,481,漁労作業員
,,,481-01 海面漁労作業員,481-01,海面漁労作業員
,,,481-02 漁船甲板員,481-02,漁船甲板員
,,,481-03 内水面漁労作業員,481-03,内水面漁労作業員
,,482 漁労船の船長・航海士・機関長・機関士,,482,漁労船の船長・航海士・機関長・機関士
,,,482-01 漁労船の船長・航海士・機関長・機関士,482-01,漁労船の船長・航海士・機関長・機関士
,,483 海藻・貝類採取作業員,,483,海藻・貝類採取作業員
,,,483-01 海藻・貝類採取作業員,483-01,海藻・貝類採取作業員
,,484 水産養殖作業員,,484,水産養殖作業員
,,,484-01 魚類養殖作業員,484-01,魚類養殖作業員
,,,484-02 貝類養殖作業員,484-02,貝類養殖作業員
,,,484-03 真珠養殖作業員,484-03,真珠養殖作業員
,,,484-04 のり・わかめ等養殖作業員,484-04,のり・わかめ等養殖作業員
,,,484-99 他に分類されない水産養殖作業員,484-99,他に分類されない水産養殖作業員
,,489 その他の漁業の職業,,489,その他の漁業の職業
,,,489-99 その他の漁業の職業,489-99,その他の漁業の職業
大分類,中分類,小分類,細分類,職業コード,職業
H 生産工程の職業
,49 生産設備制御・監視の職業（金属材料製造、金属加工、金属溶接・溶断）,,,49,生産設備制御・監視の職業（金属材料製造、金属加工、金属溶接・溶断）
,,491 製銑・製鋼・非鉄金属製錬設備制御・監視員,,491,製銑・製鋼・非鉄金属製錬設備制御・監視員
,,,491-01 製銑・製鋼設備制御・監視員,491-01,製銑・製鋼設備制御・監視員
,,,491-02 非鉄金属製錬設備制御・監視員,491-02,非鉄金属製錬設備制御・監視員
,,492 鋳造・鍛造設備制御・監視員,,492,鋳造・鍛造設備制御・監視員
,,,492-01 鋳造設備制御・監視員,492-01,鋳造設備制御・監視員
,,,492-02 鍛造設備制御・監視員,492-02,鍛造設備制御・監視員
,,493 金属工作設備制御・監視員,,493,金属工作設備制御・監視員
,,,493-01 金属工作設備制御・監視員,493-01,金属工作設備制御・監視員
,,494 金属プレス設備制御・監視員,,494,金属プレス設備制御・監視員
,,,494-01 金属プレス設備制御・監視員,494-01,金属プレス設備制御・監視員
,,495 鉄工・製缶設備制御・監視員,,495,鉄工・製缶設備制御・監視員
,,,495-01 鉄工・製缶設備制御・監視員,495-01,鉄工・製缶設備制御・監視員
,,496 板金設備制御・監視員,,496,板金設備制御・監視員
,,,496-01 板金設備制御・監視員,496-01,板金設備制御・監視員
,,497 めっき・金属研磨設備制御・監視員,,497,めっき・金属研磨設備制御・監視員
,,,497-01 めっき設備制御・監視員,497-01,めっき設備制御・監視員
,,,497-02 金属研磨設備制御・監視員,497-02,金属研磨設備制御・監視員
,,498 金属溶接・溶断設備制御・監視員,,498,金属溶接・溶断設備制御・監視員
,,,498-01 金属溶接・溶断設備制御・監視員,498-01,金属溶接・溶断設備制御・監視員
,,499 その他の生産設備制御・監視の職業（金属材料製造、金属加工、金属溶接・溶断）,,499,その他の生産設備制御・監視の職業（金属材料製造、金属加工、金属溶接・溶断）
,,,499-01 金属熱処理設備制御・監視員,499-01,金属熱処理設備制御・監視員
,,,499-02 圧延設備制御・監視員,499-02,圧延設備制御・監視員
,,,499-03 伸線設備制御・監視員,499-03,伸線設備制御・監視員
,,,499-04 金属切断設備制御・監視員（刃物によるもの）,499-04,金属切断設備制御・監視員（刃物によるもの）
,,,499-99 他に分類されない生産設備制御・監視の職業（金属材料製造、金属加工、金属溶接・溶断）,499-99,他に分類されない生産設備制御・監視の職業（金属材料製造、金属加工、金属溶接・溶断）
,50 生産設備制御・監視の職業（金属材料製造、金属加工、金属溶接・溶断を除く）,,,50,生産設備制御・監視の職業（金属材料製造、金属加工、金属溶接・溶断を除く）
,,501 化学製品生産設備制御・監視員,,501,化学製品生産設備制御・監視員
,,,501-01 石油精製設備制御・監視員,501-01,石油精製設備制御・監視員
,,,501-02 基礎的化学製品製造設備制御・監視員,501-02,基礎的化学製品製造設備制御・監視員
,,,501-03 化学繊維製造設備制御・監視員,501-03,化学繊維製造設備制御・監視員
,,,501-04 医薬品・化粧品製造設備制御・監視員,501-04,医薬品・化粧品製造設備制御・監視員
,,,501-99 他に分類されない化学製品生産設備制御・監視員,501-99,他に分類されない化学製品生産設備制御・監視員
,,502 窯業製品生産設備制御・監視員,,502,窯業製品生産設備制御・監視員
,,,502-01 ガラス製品製造設備制御・監視員,502-01,ガラス製品製造設備制御・監視員
,,,502-02 ファインセラミックス製品製造設備制御・監視員,502-02,ファインセラミックス製品製造設備制御・監視員
,,,502-03 セメント製造設備制御・監視員,502-03,セメント製造設備制御・監視員
,,,502-99 他に分類されない窯業製品生産設備制御・監視員,502-99,他に分類されない窯業製品生産設備制御・監視員
,,503 食料品生産設備制御・監視員,,503,食料品生産設備制御・監視員
,,,503-01 精穀・製粉・調味食品製造設備制御・監視員,503-01,精穀・製粉・調味食品製造設備制御・監視員
,,,503-02 めん類・パン・菓子製造設備制御・監視員,503-02,めん類・パン・菓子製造設備制御・監視員
,,,503-03 乳・乳製品製造設備制御・監視員,503-03,乳・乳製品製造設備制御・監視員
,,,503-99 他に分類されない食料品生産設備制御・監視員,503-99,他に分類されない食料品生産設備制御・監視員
,,504 飲料・たばこ生産設備制御・監視員,,504,飲料・たばこ生産設備制御・監視員
,,,504-01 飲料・たばこ生産設備制御・監視員,504-01,飲料・たばこ生産設備制御・監視員
,,505 紡織・衣服・繊維製品生産設備制御・監視員,,505,紡織・衣服・繊維製品生産設備制御・監視員
,,,505-01 紡織・衣服・繊維製品生産設備制御・監視員,505-01,紡織・衣服・繊維製品生産設備制御・監視員
,,506 木製製品・パルプ・紙・紙製品生産設備制御・監視員,,506,木製製品・パルプ・紙・紙製品生産設備制御・監視員
,,,506-01 製材・合板製造設備制御・監視員,506-01,製材・合板製造設備制御・監視員
,,,506-02 パルプ製造・抄紙設備制御・監視員,506-02,パルプ製造・抄紙設備制御・監視員
,,,506-03 加工紙・紙製品製造設備制御・監視員,506-03,加工紙・紙製品製造設備制御・監視員
,,507 印刷・製本設備制御・監視員,,507,印刷・製本設備制御・監視員
,,,507-01 印刷・製本設備制御・監視員,507-01,印刷・製本設備制御・監視員
,,508 ゴム・プラスチック製品生産設備制御・監視員,,508,ゴム・プラスチック製品生産設備制御・監視員
,,,508-01 ゴム製品製造設備制御・監視員,508-01,ゴム製品製造設備制御・監視員
,,,508-02 プラスチック製品製造設備制御・監視員,508-02,プラスチック製品製造設備制御・監視員
,,509 その他の生産設備制御・監視の職業（金属材料製造、金属加工、金属溶接・溶断を除く）,,509,その他の生産設備制御・監視の職業（金属材料製造、金属加工、金属溶接・溶断を除く）
,,,509-99 その他の生産設備制御・監視の職業（金属材料製造、金属加工、金属溶接・溶断を除く）,509-99,その他の生産設備制御・監視の職業（金属材料製造、金属加工、金属溶接・溶断を除く）
,51 生産設備制御・監視の職業（機械組立）,,,51,生産設備制御・監視の職業（機械組立）
,,511 一般機械器具組立設備制御・監視員,,511,一般機械器具組立設備制御・監視員
,,,511-01 一般機械器具組立設備制御・監視員,511-01,一般機械器具組立設備制御・監視員
,,512 電気機械器具組立設備制御・監視員,,512,電気機械器具組立設備制御・監視員
,,,512-01 電気機械器具組立設備制御・監視員,512-01,電気機械器具組立設備制御・監視員
,,513 自動車組立設備制御・監視員,,513,自動車組立設備制御・監視員
,,,513-01 自動車組立設備制御・監視員,513-01,自動車組立設備制御・監視員
,,514 輸送用機械器具組立設備制御・監視員（自動車を除く）,,514,輸送用機械器具組立設備制御・監視員（自動車を除く）
,,,514-01 輸送用機械器具組立設備制御・監視員（自動車を除く）,514-01,輸送用機械器具組立設備制御・監視員（自動車を除く）
,,515 計量計測機器・光学機械器具組立設備制御・監視員,,515,計量計測機器・光学機械器具組立設備制御・監視員
,,,515-01 計量計測機器・光学機械器具組立設備制御・監視員,515-01,計量計測機器・光学機械器具組立設備制御・監視員
,52 金属材料製造、金属加工、金属溶接・溶断の職業,,,52,金属材料製造、金属加工、金属溶接・溶断の職業
,,521 製銑工、製鋼工,,521,製銑工、製鋼工
,,,521-01 製銑工,521-01,製銑工
,,,521-02 製鋼工,521-02,製鋼工
,,,521-03 鋳物用鉄溶融工,521-03,鋳物用鉄溶融工
,,,521-99 他に分類されない製銑工、製鋼工,521-99,他に分類されない製銑工、製鋼工
,,522 非鉄金属製錬工,,522,非鉄金属製錬工
,,,522-01 非鉄金属溶融炉工,522-01,非鉄金属溶融炉工
,,,522-02 非鉄金属電解工,522-02,非鉄金属電解工
,,,522-03 半導体材料精錬工（多結晶シリコンなど）,522-03,半導体材料精錬工（多結晶シリコンなど）
,,,522-99 他に分類されない非鉄金属製錬工,522-99,他に分類されない非鉄金属製錬工
,,523 鋳物製造工,,523,鋳物製造工
,,,523-01 鋳物工,523-01,鋳物工
,,,523-02 鋳物仕上工,523-02,鋳物仕上工
,,524 鍛造工,,524,鍛造工
,,,524-01 鍛造加熱炉工,524-01,鍛造加熱炉工
,,,524-02 自由鍛造工,524-02,自由鍛造工
,,,524-03 型鍛造工,524-03,型鍛造工
,,,524-04 手かじ工,524-04,手かじ工
,,,524-99 他に分類されない鍛造工,524-99,他に分類されない鍛造工
,,525 金属熱処理工,,525,金属熱処理工
,,,525-01 金属熱処理工,525-01,金属熱処理工
,,526 圧延工,,526,圧延工
,,,526-01 圧延工,526-01,圧延工
,,527 汎用金属工作機械工,,527,汎用金属工作機械工
,,,527-01 旋盤工,527-01,旋盤工
,,,527-02 ボール盤工,527-02,ボール盤工
,,,527-03 フライス盤工,527-03,フライス盤工
,,,527-04 研削盤工、仕上機械工,527-04,研削盤工、仕上機械工
,,,527-99 他に分類されない汎用金属工作機械工,527-99,他に分類されない汎用金属工作機械工
,,528 数値制御金属工作機械工,,528,数値制御金属工作機械工
,,,528-01 NC旋盤工,528-01,NC旋盤工
,,,528-02 NCフライス盤工,528-02,NCフライス盤工
,,,528-03 マシニングセンタオペレーター,528-03,マシニングセンタオペレーター
,,,528-04 NC金属特殊加工機工,528-04,NC金属特殊加工機工
,,,528-99 他に分類されない数値制御金属工作機械工,528-99,他に分類されない数値制御金属工作機械工
,54 製品製造・加工処理の職業（金属材料製造、金属加工、金属溶接・溶断を除く）,,,54,製品製造・加工処理の職業（金属材料製造、金属加工、金属溶接・溶断を除く）
,,541 化学製品製造工,,541,化学製品製造工
,,,541-01 基礎的化学製品製造工,541-01,基礎的化学製品製造工
,,,541-02 化学繊維工,541-02,化学繊維工
,,,541-03 石けん・洗剤・油脂製品製造工,541-03,石けん・洗剤・油脂製品製造工
,,,541-04 医薬品製造工,541-04,医薬品製造工
,,,541-05 化粧品製造工,541-05,化粧品製造工
,,,541-06 感光剤材料製造工（フィルムを除く）,541-06,感光剤材料製造工（フィルムを除く）
,,,541-07 フィルム製造工,541-07,フィルム製造工
,,,541-08 塗料・絵具・インク製造工,541-08,塗料・絵具・インク製造工
,,,541-99 他に分類されない化学製品製造工,541-99,他に分類されない化学製品製造工
,,542 窯業・土石製品製造工,,542,窯業・土石製品製造工
,,,542-01 ガラス製品製造工,542-01,ガラス製品製造工
,,,542-02 れんが・かわら類製造工,542-02,れんが・かわら類製造工
,,,542-03 陶磁器製造工,542-03,陶磁器製造工
,,,542-04 ファインセラミックス製品製造工,542-04,ファインセラミックス製品製造工
,,,542-05 セメント製造工,542-05,セメント製造工
,,,542-06 コンクリート製品製造工（生コンクリートを除く）,542-06,コンクリート製品製造工（生コンクリートを除く）
,,,542-07 生コンクリート製造工,542-07,生コンクリート製造工
,,,542-08 研磨用材製造工,542-08,研磨用材製造工
,,,542-09 土石製品製造工,542-09,土石製品製造工
,,,542-99 他に分類されない窯業・土石製品製造工,542-99,他に分類されない窯業・土石製品製造工
,,543 精穀・製粉・調味食品製造工,,543,精穀・製粉・調味食品製造工
,,,543-01 精穀工,543-01,精穀工
,,,543-02 製粉工,543-02,製粉工
,,,543-03 味そ・しょう油製造工,543-03,味そ・しょう油製造工
,,,543-99 他に分類されない精穀・製粉・調味食品製造工,543-99,他に分類されない精穀・製粉・調味食品製造工
,,544 めん類製造工,,544,めん類製造工
,,,544-01 製めん工,544-01,製めん工
,,,544-02 即席めん類製造工,544-02,即席めん類製造工
,,,544-99 他に分類されないめん類製造工,544-99,他に分類されないめん類製造工
,,545 パン・菓子製造工,,545,パン・菓子製造工
,,,545-01 パン・焼菓子製造工,545-01,パン・焼菓子製造工
,,,545-02 洋生菓子製造工,545-02,洋生菓子製造工
,,,545-03 和生菓子製造工,545-03,和生菓子製造工
,,,545-04 和干菓子製造工,545-04,和干菓子製造工
,,,545-05 スナック菓子・キャンデー・チョコレート製造工,545-05,スナック菓子・キャンデー・チョコレート製造工
,,,545-99 他に分類されないパン・菓子製造工,545-99,他に分類されないパン・菓子製造工
,,546 豆腐・こんにゃく・ふ製造工,,546,豆腐・こんにゃく・ふ製造工
,,,546-01 豆腐・油揚等製造工,546-01,豆腐・油揚等製造工
,,,546-02 こんにゃく製造工,546-02,こんにゃく製造工
,,,546-03 ふ製造工,546-03,ふ製造工
,,547 かん詰・びん詰・レトルト食品製造工,,547,かん詰・びん詰・レトルト食品製造工
,,,547-01 かん詰食品製造工,547-01,かん詰食品製造工
,,,547-02 びん詰食品製造工,547-02,びん詰食品製造工
,,,547-03 レトルト食品製造工,547-03,レトルト食品製造工
,,548 乳・乳製品製造工,,548,乳・乳製品製造工
,,,548-01 飲用乳製造工,548-01,飲用乳製造工
,,,548-02 乳酸発酵製品製造工,548-02,乳酸発酵製品製造工
,,,548-03 アイスクリーム製造工,548-03,アイスクリーム製造工
,,,548-99 他に分類されない乳・乳製品製造工,548-99,他に分類されない乳・乳製品製造工
,57 機械組立の職業,,,57,機械組立の職業
,,571 一般機械器具組立工,,571,一般機械器具組立工
,,,571-01 原動機組立工,571-01,原動機組立工
,,,571-02 金属加工機械組立工,571-02,金属加工機械組立工
,,,571-03 農業用機械組立工,571-03,農業用機械組立工
,,,571-04 建設機械組立工,571-04,建設機械組立工
,,,571-05 印刷・製本機械組立工,571-05,印刷・製本機械組立工
,,,571-06 半導体・液晶パネル製造装置組立工,571-06,半導体・液晶パネル製造装置組立工
,,,571-07 業務用冷凍・冷蔵・空調機器組立工,571-07,業務用冷凍・冷蔵・空調機器組立工
,,,571-08 サービス用・娯楽機械組立工,571-08,サービス用・娯楽機械組立工
,,,571-09 機械部品組立工,571-09,機械部品組立工
,,,571-99 他に分類されない一般機械器具組立工,571-99,他に分類されない一般機械器具組立工
,,572 電気機械組立工,,572,電気機械組立工
,,,572-01 発電機・電動機組立工,572-01,発電機・電動機組立工
,,,572-02 配電盤・制御盤・開閉制御機器組立工,572-02,配電盤・制御盤・開閉制御機器組立工
,,,572-03 電気機械部品組立工,572-03,電気機械部品組立工
,,,572-99 他に分類されない電気機械組立工,572-99,他に分類されない電気機械組立工
,,573 電気通信機械器具組立工,,573,電気通信機械器具組立工
,,,573-01 無線・有線通信機器組立工,573-01,無線・有線通信機器組立工
,,,573-02 テレビ・ラジオ組立工,573-02,テレビ・ラジオ組立工
,,,573-99 他に分類されない電気通信機械器具組立工,573-99,他に分類されない電気通信機械器具組立工
,,574 電子応用機械器具組立工,,574,電子応用機械器具組立工
,,,574-01 電子計算機組立工,574-01,電子計算機組立工
,,,574-02 電子複写機組立工,574-02,電子複写機組立工
,,,574-99 他に分類されない電子応用機械器具組立工,574-99,他に分類されない電子応用機械器具組立工
,,575 民生用電子・電気機械器具組立工,,575,民生用電子・電気機械器具組立工
,,,575-01 民生用電子・電気機械器具組立工,575-01,民生用電子・電気機械器具組立工
,,576 半導体製品製造工,,576,半導体製品製造工
,,,576-01 半導体チップ製造工,576-01,半導体チップ製造工
,,,576-02 半導体組立工,576-02,半導体組立工
,,,576-99 他に分類されない半導体製品製造工,576-99,他に分類されない半導体製品製造工
,,577 電球・電子管組立工,,577,電球・電子管組立工
,,,577-01 電球・電子管組立工,577-01,電球・電子管組立工
,,578 乾電池・蓄電池製造工,,578,乾電池・蓄電池製造工
,,,578-01 乾電池・蓄電池製造工,578-01,乾電池・蓄電池製造工
,60 機械整備・修理の職業,,,60,機械整備・修理の職業
,,601 一般機械器具修理工,,601,一般機械器具修理工
,,,601-01 原動機修理工,601-01,原動機修理工
,,,601-02 金属加工機械修理工,601-02,金属加工機械修理工
,,,601-03 産業用機械修理工,601-03,産業用機械修理工
,,,601-04 生産設備保全工,601-04,生産設備保全工
,,,601-99 他に分類されない一般機械器具修理工,601-99,他に分類されない一般機械器具修理工
,,602 電気機械器具修理工,,602,電気機械器具修理工
,,,602-01 電気機械修理工,602-01,電気機械修理工
,,,602-02 電気通信機械器具修理工,602-02,電気通信機械器具修理工
,,,602-03 電子応用機械器具修理工,602-03,電子応用機械器具修理工
,,,602-04 民生用電子・電気機械器具修理工,602-04,民生用電子・電気機械器具修理工
,,,602-99 他に分類されない電気機械器具修理工,602-99,他に分類されない電気機械器具修理工
,,603 自動車整備工,,603,自動車整備工
,,,603-01 自動車整備工,603-01,自動車整備工
,,604 輸送用機械器具整備・修理工（自動車を除く）,,604,輸送用機械器具整備・修理工（自動車を除く）
,,,604-01 鉄道車両修理工,604-01,鉄道車両修理工
,,,604-02 船舶修理工,604-02,船舶修理工
,,,604-03 航空機整備工,604-03,航空機整備工
,,,604-04 自転車修理工,604-04,自転車修理工
,,,604-99 他に分類されない輸送用機械器具整備・修理工（自動車を除く）,604-99,他に分類されない輸送用機械器具整備・修理工（自動車を除く）
,,605 計量計測機器・光学機械器具修理工,,605,計量計測機器・光学機械器具修理工
,,,605-01 計量計測機器修理工,605-01,計量計測機器修理工
,,,605-02 光学機械器具修理工,605-02,光学機械器具修理工
,,,605-03 時計修理工,605-03,時計修理工
,61 製品検査の職業（金属材料製造、金属加工、金属溶接・溶断）,,,61,製品検査の職業（金属材料製造、金属加工、金属溶接・溶断）
,,611 金属材料検査工,,611,金属材料検査工
,,,611-01 金属材料検査工,611-01,金属材料検査工
,,612 金属加工・溶接検査工,,612,金属加工・溶接検査工
,,,612-01 金属加工検査工,612-01,金属加工検査工
,,,612-02 金属溶接検査工,612-02,金属溶接検査工
,,,612-03 非破壊検査工（金属）,612-03,非破壊検査工（金属）
,62 製品検査の職業（金属材料製造、金属加工、金属溶接・溶断を除く）,,,62,製品検査の職業（金属材料製造、金属加工、金属溶接・溶断を除く）
,,621 化学製品検査工,,621,化学製品検査工
,,,621-01 化学製品検査工,621-01,化学製品検査工
,,622 窯業製品検査工,,622,窯業製品検査工
,,,622-01 ガラス製品検査工,622-01,ガラス製品検査工
,,,622-99 他に分類されない窯業製品検査工,622-99,他に分類されない窯業製品検査工
,,623 食料品検査工,,623,食料品検査工
,,,623-01 食料品検査工,623-01,食料品検査工
,,624 飲料・たばこ検査工,,624,飲料・たばこ検査工
,,,624-01 飲料・たばこ検査工,624-01,飲料・たばこ検査工
,,625 紡織・衣服・繊維製品検査工,,625,紡織・衣服・繊維製品検査工
,,,625-01 紡織製品検査工,625-01,紡織製品検査工
,,,625-02 衣服・繊維製品検査工,625-02,衣服・繊維製品検査工
,,626 木製製品・パルプ・紙・紙製品検査工,,626,木製製品・パルプ・紙・紙製品検査工
,,,626-01 木製製品検査工,626-01,木製製品検査工
,,,626-02 パルプ・紙・紙製品検査工,626-02,パルプ・紙・紙製品検査工
,,627 印刷・製本検査工,,627,印刷・製本検査工
,,,627-01 印刷・製本検査工,627-01,印刷・製本検査工
,,628 ゴム・プラスチック製品検査工,,628,ゴム・プラスチック製品検査工
,,,628-01 ゴム・プラスチック製品検査工,628-01,ゴム・プラスチック製品検査工
,,629 その他の製品検査の職業（金属材料製造、金属加工、金属溶接・溶断を除く）,,629,その他の製品検査の職業（金属材料製造、金属加工、金属溶接・溶断を除く）
,,,629-99 その他の製品検査の職業（金属材料製造、金属加工、金属溶接・溶断を除く）,629-99,その他の製品検査の職業（金属材料製造、金属加工、金属溶接・溶断を除く）
,63 機械検査の職業,,,63,機械検査の職業
,,631 一般機械器具検査工,,631,一般機械器具検査工
,,,631-01 一般機械器具検査工,631-01,一般機械器具検査工
,,632 電気機械器具検査工,,632,電気機械器具検査工
,,,632-01 電気機械器具検査工,632-01,電気機械器具検査工
,,633 自動車検査工,,633,自動車検査工
,,,633-01 自動車検査工,633-01,自動車検査工
,,634 輸送用機械器具検査工（自動車を除く）,,634,輸送用機械器具検査工（自動車を除く）
,,,634-01 輸送用機械器具検査工（自動車を除く）,634-01,輸送用機械器具検査工（自動車を除く）
,,635 計量計測機器・光学機械器具検査工,,635,計量計測機器・光学機械器具検査工
,,,635-01 計量計測機器・光学機械器具検査工,635-01,計量計測機器・光学機械器具検査工
,64 生産関連・生産類似の職業,,,64,生産関連・生産類似の職業
,,641 塗装工,,641,塗装工
,,,641-01 木工塗装工,641-01,木工塗装工
,,,641-02 金属塗装工,641-02,金属塗装工
,,,641-03 建築塗装工,641-03,建築塗装工
,,,641-98 塗装工見習,641-98,塗装工見習
,,,641-99 他に分類されない塗装工,641-99,他に分類されない塗装工
,,642 画工、看板制作工,,642,画工、看板制作工
,,,642-01 画工,642-01,画工
,,,642-02 看板制作工,642-02,看板制作工
,,643 製図工,,643,製図工
,,,643-01 建築製図工,643-01,建築製図工
,,,643-02 機械製図工,643-02,機械製図工
,,,643-03 電気・電子製図工,643-03,電気・電子製図工
,,644 パタンナー,,644,パタンナー
,,,644-01 パタンナー,644-01,パタンナー
,,649 その他の生産関連・生産類似の職業,,649,その他の生産関連・生産類似の職業
,,,649-01 写真工,649-01,写真工
,,,649-02 写図工,649-02,写図工
,,,649-03 現図工,649-03,現図工
,,,649-04 映写技師,649-04,映写技師
,,,649-99 他に分類されない生産関連・生産類似の職業,649-99,他に分類されない生産関連・生産類似の職業
大分類,中分類,小分類,細分類,職業コード,職業
I 輸送・機械運転の職業
,65 鉄道運転の職業,,,65,鉄道運転の職業
,,651 電車運転士,,651,電車運転士
,,,651-01 電車運転士,651-01,電車運転士
,,659 その他の鉄道運転の職業,,659,その他の鉄道運転の職業
,,,659-01 鉄道機関士,659-01,鉄道機関士
,,,659-99 他に分類されない鉄道運転の職業,659-99,他に分類されない鉄道運転の職業
,66 自動車運転の職業,,,66,自動車運転の職業
,,661 バス運転手,,661,バス運転手
,,,661-01 路線バス運転手,661-01,路線バス運転手
,,,661-02 貸切バス運転手,661-02,貸切バス運転手
,,,661-03 送迎バス運転手,661-03,送迎バス運転手
,,662 乗用自動車運転手,,662,乗用自動車運転手
,,,662-01 自家用乗用自動車運転手,662-01,自家用乗用自動車運転手
,,,662-02 営業用乗用自動車運転手,662-02,営業用乗用自動車運転手
,,,662-03 自家用乗用自動車運転代行人,662-03,自家用乗用自動車運転代行人
,,663 貨物自動車運転手,,663,貨物自動車運転手
,,,663-01 トラック運転手,663-01,トラック運転手
,,,663-02 トレーラートラック運転手,663-02,トレーラートラック運転手
,,,663-03 コンクリートミキサー車運転手,663-03,コンクリートミキサー車運転手
,,,663-04 ダンプカー運転手,663-04,ダンプカー運転手
,,,663-05 タンクローリー運転手,663-05,タンクローリー運転手
,,,663-06 ごみ収集車運転手,663-06,ごみ収集車運転手
,,,663-07 自動車陸送員,663-07,自動車陸送員
,,,663-99 他に分類されない貨物自動車運転手,663-99,他に分類されない貨物自動車運転手
,,669 その他の自動車運転の職業,,669,その他の自動車運転の職業
,,,669-99 その他の自動車運転の職業,669-99,その他の自動車運転の職業
,67 船舶・航空機運転の職業,,,67,船舶・航空機運転の職業
,,671 船長（漁労船を除く）,,671,船長（漁労船を除く）
,,,671-01 貨客船船長,671-01,貨客船船長
,,,671-02 作業船船長,671-02,作業船船長
,,,671-99 他に分類されない船長（漁労船を除く）,671-99,他に分類されない船長（漁労船を除く）
,,672 航海士・運航士（漁労船を除く）、水先人,,672,航海士・運航士（漁労船を除く）、水先人
,,,672-01 航海士・運航士（漁労船を除く）、水先人,672-01,航海士・運航士（漁労船を除く）、水先人
,,673 船舶機関長・機関士（漁労船を除く）,,673,船舶機関長・機関士（漁労船を除く）
,,,673-01 船舶機関長・機関士（漁労船を除く）,673-01,船舶機関長・機関士（漁労船を除く）
,,674 航空機操縦士,,674,航空機操縦士
,,,674-01 航空機操縦士,674-01,航空機操縦士
,68 その他の輸送の職業,,,68,その他の輸送の職業
,,681 車掌,,681,車掌
,,,681-01 鉄道車掌,681-01,鉄道車掌
,,,681-02 バスガイド,681-02,バスガイド
,,682 駅構内係,,682,駅構内係
,,,682-01 駅構内係,682-01,駅構内係
,,683 甲板員、船舶機関員,,683,甲板員、船舶機関員
,,,683-01 甲板員,683-01,甲板員
,,,683-02 船舶機関員,683-02,船舶機関員
,,684 フォークリフト運転作業員,,684,フォークリフト運転作業員
,,,684-01 フォークリフト運転作業員,684-01,フォークリフト運転作業員
,,689 他に分類されない輸送の職業,,689,他に分類されない輸送の職業
,,,689-01 小型船舶運転者,689-01,小型船舶運転者
,,,689-99 他に分類されないその他の輸送の職業,689-99,他に分類されないその他の輸送の職業
,69 定置・建設機械運転の職業,,,69,定置・建設機械運転の職業
,,691 発電員、変電員,,691,発電員、変電員
,,,691-01 発電・送電員,691-01,発電・送電員
,,,691-02 変電・配電員,691-02,変電・配電員
,,,691-03 自家用電気係員,691-03,自家用電気係員
,,692 ボイラーオペレーター,,692,ボイラーオペレーター
,,,692-01 ボイラーオペレーター,692-01,ボイラーオペレーター
,,693 クレーン・巻上機運転工,,693,クレーン・巻上機運転工
,,,693-01 クレーン運転工,693-01,クレーン運転工
,,,693-02 巻上機・コンベア運転工,693-02,巻上機・コンベア運転工
,,694 ポンプ・送風機・圧縮機運転工,,694,ポンプ・送風機・圧縮機運転工
,,,694-01 ポンプ・送風機・圧縮機運転工,694-01,ポンプ・送風機・圧縮機運転工
,,695 建設機械運転工,,695,建設機械運転工
,,,695-01 建設用機械車両運転工,695-01,建設用機械車両運転工
,,,695-02 舗装機械運転工,695-02,舗装機械運転工
,,,695-03 さく井・ボーリング機械運転工,695-03,さく井・ボーリング機械運転工
,,,695-99 他に分類されない建設機械運転工,695-99,他に分類されない建設機械運転工
,,696 玉掛作業員,,696,玉掛作業員
,,,696-01 玉掛作業員,696-01,玉掛作業員
,,697 ビル設備管理員,,697,ビル設備管理員
,,,697-01 ビル設備管理員,697-01,ビル設備管理員
,,699 その他の定置・建設機械運転の職業,,699,その他の定置・建設機械運転の職業
,,,699-01 冷凍機運転工,699-01,冷凍機運転工
,,,699-02 ケーブル機関運転工,699-02,ケーブル機関運転工
,,,699-99 他に分類されない定置・建設機械運転の職業,699-99,他に分類されない定置・建設機械運転の職業
大分類,中分類,小分類,細分類,職業コード,職業
J 建設・採掘の職業
,70 建設躯体工事の職業,,,70,建設躯体工事の職業
,,701 型枠大工,,701,型枠大工
,,,701-01 型枠大工,701-01,型枠大工
,,702 とび工,,702,とび工
,,,702-01 建築とび工,702-01,建築とび工
,,,702-02 取りこわし作業員,702-02,取りこわし作業員
,,,702-98 とび工見習,702-98,とび工見習
,,703 鉄筋工,,703,鉄筋工
,,,703-01 土木鉄筋工,703-01,土木鉄筋工
,,,703-02 建築鉄筋工,703-02,建築鉄筋工
,71 建設の職業（建設躯体工事の職業を除く）,,,71,建設の職業（建設躯体工事の職業を除く）
,,711 大工,,711,大工
,,,711-01 建築大工,711-01,建築大工
,,,711-98 大工見習,711-98,大工見習
,,,711-99 他に分類されない大工,711-99,他に分類されない大工
,,712 ブロック積工、タイル張工,,712,ブロック積工、タイル張工
,,,712-01 ブロック積工,712-01,ブロック積工
,,,712-02 れんが積工,712-02,れんが積工
,,,712-03 タイル張工,712-03,タイル張工
,,,712-04 石張工,712-04,石張工
,,,712-98 ブロック積工見習、タイル張工見習,712-98,ブロック積工見習、タイル張工見習
,,713 屋根ふき工,,713,屋根ふき工
,,,713-01 かわらふき工,713-01,かわらふき工
,,,713-98 屋根ふき工見習,713-98,屋根ふき工見習
,,,713-99 他に分類されない屋根ふき工,713-99,他に分類されない屋根ふき工
,,714 左官,,714,左官
,,,714-01 左官,714-01,左官
,,,714-98 左官見習,714-98,左官見習
,,715 畳工,,715,畳工
,,,715-01 畳工,715-01,畳工
,,,715-98 畳工見習,715-98,畳工見習
,,716 配管工,,716,配管工
,,,716-01 配管工,716-01,配管工
,,,716-98 配管工見習,716-98,配管工見習
,,717 内装工,,717,内装工
,,,717-01 金属建具取付工,717-01,金属建具取付工
,,,717-02 建具ガラス取付工,717-02,建具ガラス取付工
,,,717-03 内装仕上工,717-03,内装仕上工
,,718 防水工,,718,防水工
,,,718-01 防水工,718-01,防水工
,,719 その他の建設の職業,,719,その他の建設の職業
,,,719-01 潜水作業員,719-01,潜水作業員
,,,719-02 熱絶縁工,719-02,熱絶縁工
,,,719-03 測量作業員,719-03,測量作業員
,,,719-04 住宅水回り設備取付工,719-04,住宅水回り設備取付工
,,,719-05 水道工事検査員,719-05,水道工事検査員
,,,719-99 他に分類されない建設の職業,719-99,他に分類されない建設の職業
,72 電気工事の職業,,,72,電気工事の職業
,,721 送電線架線・敷設作業員,,721,送電線架線・敷設作業員
,,,721-01 送電線架線・敷設作業員,721-01,送電線架線・敷設作業員
,,722 配電線架線・敷設作業員,,722,配電線架線・敷設作業員
,,,722-01 配電線架線・敷設作業員,722-01,配電線架線・敷設作業員
,,723 通信線架線・敷設作業員,,723,通信線架線・敷設作業員
,,,723-01 通信線架線・敷設作業員,723-01,通信線架線・敷設作業員
,,724 電気通信設備作業員,,724,電気通信設備作業員
,,,724-01 放送装置据付・保守作業員,724-01,放送装置据付・保守作業員
,,,724-02 通信装置据付・保守作業員,724-02,通信装置据付・保守作業員
,,,724-03 電話装置据付・保守作業員,724-03,電話装置据付・保守作業員
,,725 電気工事作業員,,725,電気工事作業員
,,,725-01 電気配線工事作業員,725-01,電気配線工事作業員
,,,725-02 電気工事検査員,725-02,電気工事検査員
,,,725-03 産業用電気機械・装置据付作業員,725-03,産業用電気機械・装置据付作業員
,,,725-99 他に分類されない電気工事作業員,725-99,他に分類されない電気工事作業員
,73 土木の職業,,,73,土木の職業
,,731 土木作業員,,731,土木作業員
,,,731-01 建設・土木作業員,731-01,建設・土木作業員
,,,731-02 舗装作業員,731-02,舗装作業員
,,732 鉄道線路工事作業員,,732,鉄道線路工事作業員
,,,732-01 鉄道線路工事作業員,732-01,鉄道線路工事作業員
,,733 ダム・トンネル掘削作業員,,733,ダム・トンネル掘削作業員
,,,733-01 ダム・トンネル掘削作業員,733-01,ダム・トンネル掘削作業員
,74 採掘の職業,,,74,採掘の職業
,,741 採鉱員,,741,採鉱員
,,,741-01 採鉱員,741-01,採鉱員
,,742 石切出作業員,,742,石切出作業員
,,,742-01 石切出作業員,742-01,石切出作業員
,,743 じゃり・砂・粘土採取作業員,,743,じゃり・砂・粘土採取作業員
,,,743-01 じゃり・砂・粘土採取作業員,743-01,じゃり・砂・粘土採取作業員
,,749 その他の採掘の職業,,749,その他の採掘の職業
,,,749-01 支柱員,749-01,支柱員
,,,749-99 他に分類されない採掘の職業,749-99,他に分類されない採掘の職業
大分類,中分類,小分類,細分類,職業コード,職業
K 運搬・清掃・包装等の職業
,75 運搬の職業,,,75,運搬の職業
,,751 郵便集配員、電報配達員,,751,郵便集配員、電報配達員
,,,751-01 郵便集配員、電報配達員,751-01,郵便集配員、電報配達員
,,752 港湾荷役作業員,,752,港湾荷役作業員
,,,752-01 港湾荷役作業員,752-01,港湾荷役作業員
,,753 陸上荷役・運搬作業員,,753,陸上荷役・運搬作業員
,,,753-01 運搬作業員,753-01,運搬作業員
,,,753-02 積卸作業員,753-02,積卸作業員
,,,753-03 引越作業員,753-03,引越作業員
,,754 倉庫作業員,,754,倉庫作業員
,,,754-01 倉庫作業員（冷蔵倉庫を除く）,754-01,倉庫作業員（冷蔵倉庫を除く）
,,,754-02 冷蔵倉庫作業員,754-02,冷蔵倉庫作業員
,,755 配達員,,755,配達員
,,,755-01 荷物配達員,755-01,荷物配達員
,,,755-02 ルート集配員,755-02,ルート集配員
,,,755-03 新聞配達員,755-03,新聞配達員
,,,755-04 自動販売機商品補充員,755-04,自動販売機商品補充員
,,756 荷造作業員,,756,荷造作業員
,,,756-01 荷造作業員,756-01,荷造作業員
,76 清掃の職業,,,76,清掃の職業
,,761 ビル・建物清掃員,,761,ビル・建物清掃員
,,,761-01 ビル・建物清掃員,761-01,ビル・建物清掃員
,,762 ハウスクリーニング作業員,,762,ハウスクリーニング作業員
,,,762-01 ハウスクリーニング作業員,762-01,ハウスクリーニング作業員
,,763 道路・公園清掃員,,763,道路・公園清掃員
,,,763-01 道路清掃員,763-01,道路清掃員
,,,763-02 公園清掃員,763-02,公園清掃員
,,764 ごみ収集・し尿汲取作業員,,764,ごみ収集・し尿汲取作業員
,,,764-01 ごみ収集作業員,764-01,ごみ収集作業員
,,,764-02 し尿汲取作業員,764-02,し尿汲取作業員
,,765 産業廃棄物収集作業員,,765,産業廃棄物収集作業員
,,,765-01 産業廃棄物収集作業員,765-01,産業廃棄物収集作業員
,,769 その他の清掃の職業,,769,その他の清掃の職業
,,,769-01 産業洗浄員,769-01,産業洗浄員
,,,769-02 消毒・害虫防除作業員,769-02,消毒・害虫防除作業員
,,,769-03 乗物内清掃員,769-03,乗物内清掃員
,,,769-04 浄化槽清掃員,769-04,浄化槽清掃員
,,,769-99 他に分類されない清掃の職業,769-99,他に分類されない清掃の職業
,77 包装の職業,,,77,包装の職業
,,771 製品包装作業員,,771,製品包装作業員
,,,771-01 製品包装作業員,771-01,製品包装作業員
,,779 その他の包装の職業,,779,その他の包装の職業
,,,779-01 ラベル・シール貼付作業員,779-01,ラベル・シール貼付作業員
,,,779-99 他に分類されない包装の職業,779-99,他に分類されない包装の職業
,78 その他の運搬・清掃・包装等の職業,,,78,その他の運搬・清掃・包装等の職業
,,781 選別作業員,,781,選別作業員
,,,781-01 原材料選別作業員,781-01,原材料選別作業員
,,,781-02 商品取集め作業員,781-02,商品取集め作業員
,,,781-03 青果選別作業員,781-03,青果選別作業員
,,,781-04 洗たく物荷分け作業員,781-04,洗たく物荷分け作業員
,,,781-99 他に分類されない選別作業員,781-99,他に分類されない選別作業員
,,782 軽作業員,,782,軽作業員
,,,782-01 工場労務作業員,782-01,工場労務作業員
,,,782-02 建設現場労務作業員,782-02,建設現場労務作業員
,,,782-03 小売店作業員,782-03,小売店作業員
,,,782-04 病院作業員,782-04,病院作業員
,,,782-05 旅館作業員,782-05,旅館作業員
,,,782-06 食堂作業員,782-06,食堂作業員
,,,782-07 会場設営作業員,782-07,会場設営作業員
,,,782-08 用務員,782-08,用務員
,,789 他に分類されない運搬・清掃・包装等の職業,,789,他に分類されない運搬・清掃・包装等の職業
,,,789-01 公園・ゴルフ場・競技場整備員,789-01,公園・ゴルフ場・競技場整備員
,,,789-99 他に分類されないその他の運搬・清掃・包装等の職業,789-99,他に分類されないその他の運搬・清掃・包装等の職業
